use NewLb
/*УДАЛЕНИЕ*/
go
DROP TABLE [GAME_RECORDS]
DROP TABLE [GAME_REPORT]
DROP TABLE [GAME_REFEREES]
DROP TABLE [SEASON_RATING]
DROP TABLE [PLAYER_RUNK]
DROP TABLE [COACH_TEAM]
DROP TABLE [COACH]
DROP TABLE [PLAYER_TEAM]
DROP TABLE [REFEREES]
DROP TABLE [PHYSICAL_DATA]
DROP TABLE [RUNK]
DROP TABLE [GAME]
DROP TABLE [TEAM]
DROP TABLE [SPORTSCHOOL]
DROP TABLE [SEASON]
DROP TABLE [PLAYER]
go
IF OBJECT_ID('Customers', 'U') IS NOT NULL
	DROP TABLE Customers
IF OBJECT_ID('OrderDetails', 'U') IS NOT NULL
	DROP TABLE OrderDetails
IF OBJECT_ID('Orders', 'U') IS NOT NULL
	DROP TABLE Orders
IF OBJECT_ID('Products', 'U') IS NOT NULL
	DROP TABLE Products
/*СОЗДАНИЕ*/
go
/*Player*/
CREATE TABLE PLAYER(
	PLAYER_ID   SMALLINT NOT NULL PRIMARY KEY,
    LASTNAME VARCHAR (20)  NOT NULL,
    NAME  VARCHAR(20)      NOT NULL,
    PATRONYMIC  VARCHAR (20)  NOT NULL,
    BIRTHDAY  DATE NOT NULL,
);

/*PHYSCAL_DATA*/
CREATE TABLE PHYSICAL_DATA(
	PLAYER_ID SMALLINT NOT NULL,
	RESULT_DATE DATE NOT NULL,
	GROWTH SMALLINT NOT NULL,
	WEIGHT SMALLINT NOT NULL,
	RECORD4_ID SMALLINT NOT NULL PRIMARY KEY,
);

/*SEASON*/
CREATE TABLE SEASON(
	SEASON_ID SMALLINT NOT NULL PRIMARY KEY,
	SEASON_YEAR smallint not null,
	start_date date,
	end_date date,
);

/*SEASON_RATING*/
CREATE TABLE SEASON_RATING(
	SEASON_ID SMALLINT NOT NULL,
	TEAM_ID SMALLINT NOT NULL,
	SEASON_PLACE VARCHAR(20) NOT NULL,
	RECORD6_ID SMALLINT NOT NULL PRIMARY KEY,
);

/*SPORTSCHOOL*/
CREATE TABLE SPORTSCHOOL(
	SPORTSCHOOL_ID SMALLINT NOT NULL PRIMARY KEY,
	SPORTSCHOOL_ADRESS VARCHAR(30) NOT NULL,
	SPORTSCHOOL_NAME VARCHAR(20) NOT NULL,
);

/*TEAM*/
CREATE TABLE TEAM(
	TEAM_ID SMALLINT NOT NULL PRIMARY KEY,
	TEAM_NAME VARCHAR(20) NOT NULL,
	TEAM_YEAR smallint,
	SPORTSCHOOL_ID SMALLINT NOT NULL,
);

/*GAME*/
CREATE TABLE GAME(
	GAME_ID SMALLINT NOT NULL PRIMARY KEY,
	SEASON_ID SMALLINT NOT NULL,
	GAME_DATE DATE NOT NULL,
	TEAM_ID1 SMALLINT NOT NULL /*FOREIGN KEY REFERENCES TEAM(TEAM_ID)*/,
	TEAM_ID2 SMALLINT NOT NULL /*FOREIGN KEY REFERENCES TEAM(TEAM_ID)*/,
);

/*COACH*/
CREATE TABLE COACH(
	COACH_ID SMALLINT NOT NULL PRIMARY KEY,
	LASTNAME VARCHAR (20)  NOT NULL,
    NAME  VARCHAR(20)      NOT NULL,
    PATRONYMIC  VARCHAR (20)  NOT NULL,
    BIRTHDAY  DATE NOT NULL,
	SPORTSCHOOL_ID SMALLINT NOT NULL,
);

/*COACH_TEAM*/
CREATE TABLE COACH_TEAM(
	TEAM_ID SMALLINT NOT NULL,
	SEASON_ID SMALLINT NOT NULL,
	COACH_ID SMALLINT NOT NULL,
	RECORD7_ID SMALLINT NOT NULL PRIMARY KEY,
);

/*RUNK*/
CREATE TABLE RUNK(
	RUNK_ID SMALLINT NOT NULL PRIMARY KEY,
	RUNK_NAME VARCHAR(20) NOT NULL,
);

/*PLAYER_RUNK*/
CREATE TABLE PLAYER_RUNK(
	PLAYER_ID SMALLINT NOT NULL,
	DATE_OF_ASSIGNMENT DATE NOT NULL,
	RUNK_ID SMALLINT NOT NULL,
	RECORD5_ID SMALLINT NOT NULL PRIMARY KEY,
);

/*PLAYER_TEAM*/
CREATE TABLE PLAYER_TEAM(
	TEAM_ID SMALLINT NOT NULL,
	PLAYER_ID SMALLINT NOT NULL,
	SEASON_ID SMALLINT NOT NULL,
	RECORD_ID2 SMALLINT NOT NULL PRIMARY KEY,
);


/*REFEREES*/
CREATE TABLE REFEREES(
	REFEREES_ID SMALLINT NOT NULL PRIMARY KEY,
	FULL_NAME VARCHAR(20) NOT NULL,
	BIRTHDAY DATE NOT NULL,
);

/*GAME_REFEREES*/
CREATE TABLE GAME_REFEREES(
	REFEREES_ID SMALLINT NOT NULL,
	GAME_ID SMALLINT NOT NULL,
	ROLE_OF_REFEREE VARCHAR(20) NOT NULL,
	RECORD3_ID SMALLINT NOT NULL PRIMARY KEY,
);

/*GAME REPORT*/
CREATE TABLE GAME_REPORT(
	GAME_ID SMALLINT NOT NULL,
	PLAYER_ID SMALLINT NOT NULL,
	SCORE_PLAYER SMALLINT not NULL,
	TIME_IN SMALLINT NOT NULL,
	RECORD_ID8 SMALLINT NOT NULL PRIMARY KEY,
);

/*GAME_RECORDS*/
CREATE TABLE GAME_RECORDS(
	PLAYER_ID SMALLINT PRIMARY KEY,
	GAME_ID SMALLINT,
	MAX_SCORE_PLAYER SMALLINT,
);
go
ALTER TABLE GAME_REFEREES ADD
	FOREIGN KEY (REFEREES_ID)
	REFERENCES REFEREES(REFEREES_ID),
	FOREIGN KEY (GAME_ID)
	REFERENCES GAME(GAME_ID)

 
ALTER TABLE PLAYER_TEAM ADD
	FOREIGN KEY (TEAM_ID)
	REFERENCES TEAM(TEAM_ID),
	FOREIGN KEY (PLAYER_ID)
	REFERENCES PLAYER(PLAYER_ID),
	FOREIGN KEY (SEASON_ID)
	REFERENCES SEASON(SEASON_ID)

ALTER TABLE SEASON_RATING ADD
	FOREIGN KEY (SEASON_ID)
	REFERENCES SEASON(SEASON_ID),
	FOREIGN KEY (TEAM_ID)
	REFERENCES TEAM(TEAM_ID)

ALTER TABLE PLAYER_RUNK ADD
	FOREIGN KEY (PLAYER_ID)
	REFERENCES PLAYER(PLAYER_ID),
	FOREIGN KEY (RUNK_ID)
	REFERENCES RUNK(RUNK_ID)

ALTER TABLE COACH_TEAM ADD
	FOREIGN KEY (TEAM_ID)
	REFERENCES TEAM(TEAM_ID),
	FOREIGN KEY (SEASON_ID)
	REFERENCES SEASON(SEASON_ID),
	FOREIGN KEY (COACH_ID)
	REFERENCES COACH(COACH_ID)

ALTER TABLE TEAM ADD
	FOREIGN KEY (SPORTSCHOOL_ID)
	REFERENCES SPORTSCHOOL(SPORTSCHOOL_ID)

ALTER TABLE PHYSICAL_DATA ADD
	FOREIGN KEY (PLAYER_ID)
	REFERENCES PLAYER(PLAYER_ID)

ALTER TABLE GAME ADD
	FOREIGN KEY (SEASON_ID)
	REFERENCES SEASON(SEASON_ID),
	FOREIGN KEY (TEAM_ID1)
	REFERENCES TEAM(TEAM_ID),
	FOREIGN KEY (TEAM_ID2)
	REFERENCES TEAM(TEAM_ID)

ALTER TABLE COACH ADD
	FOREIGN KEY (SPORTSCHOOL_ID)
	REFERENCES SPORTSCHOOL(SPORTSCHOOL_ID)

ALTER TABLE GAME_REPORT ADD 
	FOREIGN KEY (GAME_ID)
	REFERENCES GAME(GAME_ID),
	FOREIGN KEY (PLAYER_ID)
	REFERENCES PLAYER(PLAYER_ID)

ALTER TABLE GAME_RECORDS ADD 
	FOREIGN KEY (GAME_ID)
	REFERENCES GAME(GAME_ID),
	FOREIGN KEY (PLAYER_ID)
	REFERENCES PLAYER(PLAYER_ID)

/*ЗАПОЛНЕНИЕ*/
go
INSERT INTO [dbo].[PLAYER] VALUES(1,'Петров','Иван','Сергеевич','2002-05-10');
INSERT INTO [dbo].[PLAYER] VALUES(2,'Иванов','Андрей','Артурович','2002-05-27');
INSERT INTO [dbo].[PLAYER] VALUES(3,'Юзов','Иван','Викторович','2002-03-17');
INSERT INTO [dbo].[PLAYER] VALUES(4,'Сидоров','Сергей','Владимирович','2002-05-17');
INSERT INTO [dbo].[PLAYER] VALUES(5,'Александров','Виктор','Антонович','2002-04-19');
INSERT INTO [dbo].[PLAYER] VALUES(6,'Топоров','Иван','Петрович','2002-01-01');
INSERT INTO [dbo].[PLAYER] VALUES(7,'Лебедев','Сергей','Алексеевич','2002-09-20');
INSERT INTO [dbo].[PLAYER] VALUES(8,'Аверьев','Андрей','Николаевич','2002-05-30');
INSERT INTO [dbo].[PLAYER] VALUES(9,'Белов','Илья','Петрович','2002-03-05');
INSERT INTO [dbo].[PLAYER] VALUES(10,'Балабанов','Олег','Сергеевич','2002-05-15');
INSERT INTO [dbo].[PLAYER] VALUES(11,'Хлебов','Михаил','Петрович','2002-07-12');
INSERT INTO [dbo].[PLAYER] VALUES(12,'Смирнов','Сергей','Алексеевич','2002-10-30');
INSERT INTO [dbo].[PLAYER] VALUES(13,'Михайлов','Иван','Антонович','2002-11-13');
INSERT INTO [dbo].[PLAYER] VALUES(14,'Игнатьев','Петр','Алексеевич','2002-12-16');
INSERT INTO [dbo].[PLAYER] VALUES(15,'Белоусов','Сергей','Николаевич','2002-02-10');
INSERT INTO [dbo].[PLAYER] VALUES(16,'Яшин','Виктор','Алексеевич','2002-06-29');
INSERT INTO [dbo].[PLAYER] VALUES(17,'Устинов','Антон','Сергеевич','2002-07-07');
INSERT INTO [dbo].[PLAYER] VALUES(18,'Конев','Антон','Алексеевич','2002-01-01');
INSERT INTO [dbo].[PLAYER] VALUES(19,'Фадеев','Андрей','Алексеевич','2002-12-31');
INSERT INTO [dbo].[PLAYER] VALUES(20,'Крылов','Иван','Антонович','2002-05-01');
INSERT INTO [dbo].[PLAYER] VALUES(21,'Соловьев','Иван','Петрович','2002-01-15');
INSERT INTO [dbo].[PLAYER] VALUES(22,'Садовников','Петр','Ильич','2002-09-09');
INSERT INTO [dbo].[PLAYER] VALUES(23,'Богданов','Сергей','Сергеевич','2002-10-18');
INSERT INTO [dbo].[PLAYER] VALUES(24,'Зобков','Илья','Ильич','2002-07-09');
INSERT INTO [dbo].[PLAYER] VALUES(25,'Зыков','Олег','Николаевич','2002-03-14');
INSERT INTO [dbo].[PLAYER] VALUES(26,'Абрамкин','Иван','Сергеевич','2002-10-11');
INSERT INTO [dbo].[PLAYER] VALUES(27,'Дятлов','Михаил','Ильич','2002-10-12');
INSERT INTO [dbo].[PLAYER] VALUES(28,'Удод','Иван','Иванович','2002-05-01');
INSERT INTO [dbo].[PLAYER] VALUES(29,'Уткин','Андрей','Антонович','2002-01-01');
INSERT INTO [dbo].[PLAYER] VALUES(30,'Гусев','Сергей','Федорович','2002-02-02');
INSERT INTO [dbo].[PLAYER] VALUES(31,'Лебедев','Антон','Николаевич','2002-03-03');
INSERT INTO [dbo].[PLAYER] VALUES(32,'Козлов','Андрей','Сергеевич','2002-01-27');
INSERT INTO [dbo].[PLAYER] VALUES(33,'Волков','Андрей','Николаевич','2002-04-04');
INSERT INTO [dbo].[PLAYER] VALUES(34,'Морозов','Андрей','Сергеевич','2002-05-05');
INSERT INTO [dbo].[PLAYER] VALUES(35,'Петров','Андрей','Глебович','2002-06-06');
INSERT INTO [dbo].[PLAYER] VALUES(36,'Иванов','Антон','Федорович','2002-07-07');
INSERT INTO [dbo].[PLAYER] VALUES(37,'Юзов','Антон','Ильич','2002-08-08');
INSERT INTO [dbo].[PLAYER] VALUES(38,'Сидоров','Антон','Петрович','2002-09-09');
INSERT INTO [dbo].[PLAYER] VALUES(39,'Евдокимов','Петр','Петрович','2002-03-04');
INSERT INTO [dbo].[PLAYER] VALUES(40,'Дятлов','Сергей','Алексеевич','2002-04-05');
INSERT INTO [dbo].[PLAYER] VALUES(41,'Дятлов','Илья','Николаевич','2004-05-06');
INSERT INTO [dbo].[PLAYER] VALUES(42,'Дзюбенко','Виктор','Петрович','2004-06-07');
INSERT INTO [dbo].[PLAYER] VALUES(43,'Дзюба','Артур','Сергеевич','2004-07-08');
INSERT INTO [dbo].[PLAYER] VALUES(44,'Джордан','Владимир','Петрович','2004-08-09');
INSERT INTO [dbo].[PLAYER] VALUES(45,'Давыдов','Сергей','Алексеевич','2004-09-10');
INSERT INTO [dbo].[PLAYER] VALUES(46,'Гусев','Сергей','Антонович','2004-10-11');
INSERT INTO [dbo].[PLAYER] VALUES(47,'Гусев','Виктор','Алексеевич','2004-11-12');
INSERT INTO [dbo].[PLAYER] VALUES(48,'Горохов','Антон','Николаевич','2004-12-13');
INSERT INTO [dbo].[PLAYER] VALUES(49,'Гамзатов','Антон','Алексеевич','2004-01-04');
INSERT INTO [dbo].[PLAYER] VALUES(50,'Волков','Андрей','Сергеевич','2004-02-05');
INSERT INTO [dbo].[PLAYER] VALUES(51,'Волков','Иван','Алексеевич','2004-07-08');
INSERT INTO [dbo].[PLAYER] VALUES(52,'Брайнт','Иван','Алексеевич','2004-08-09');
INSERT INTO [dbo].[PLAYER] VALUES(53,'Богданов','Петр','Антонович','2004-09-10');
INSERT INTO [dbo].[PLAYER] VALUES(54,'Богданов','Сергей','Петрович','2004-10-11');
INSERT INTO [dbo].[PLAYER] VALUES(55,'Богданов','Илья','Ильич','2004-11-12');
INSERT INTO [dbo].[PLAYER] VALUES(56,'Белоусов','Олег','Сергеевич','2004-12-13');
INSERT INTO [dbo].[PLAYER] VALUES(57,'Белоусов','Иван','Ильич','2004-01-04');
INSERT INTO [dbo].[PLAYER] VALUES(58,'Белоусов','Михаил','Николаевич','2004-02-05');
INSERT INTO [dbo].[PLAYER] VALUES(59,'Белоусов','Иван','Сергеевич','2004-05-10');
INSERT INTO [dbo].[PLAYER] VALUES(60,'Белонин','Андрей','Ильич','2004-05-27');
INSERT INTO [dbo].[PLAYER] VALUES(61,'Белов','Сергей','Иванович','2004-03-17');
INSERT INTO [dbo].[PLAYER] VALUES(62,'Белов','Антон','Антонович','2004-05-17');
INSERT INTO [dbo].[PLAYER] VALUES(63,'Белов','Андрей','Федорович','2004-04-19');
INSERT INTO [dbo].[PLAYER] VALUES(64,'Белов','Андрей','Николаевич','2004-01-01');
INSERT INTO [dbo].[PLAYER] VALUES(65,'Балабанов','Андрей','Сергеевич','2004-09-20');
INSERT INTO [dbo].[PLAYER] VALUES(66,'Балабанов','Андрей','Николаевич','2004-05-30');
INSERT INTO [dbo].[PLAYER] VALUES(67,'Балабанов','Антон','Сергеевич','2004-03-05');
INSERT INTO [dbo].[PLAYER] VALUES(68,'Балабанов','Антон','Глебович','2004-05-15');
INSERT INTO [dbo].[PLAYER] VALUES(69,'Аненков','Антон','Федорович','2004-07-12');
INSERT INTO [dbo].[PLAYER] VALUES(70,'Александров','Виктор','Ильич','2004-10-30');
INSERT INTO [dbo].[PLAYER] VALUES(71,'Александров','Виктор','Альбертович','2004-11-13');
INSERT INTO [dbo].[PLAYER] VALUES(72,'Аверьев','Иван','Альбертович','2004-12-16');
INSERT INTO [dbo].[PLAYER] VALUES(73,'Аверьев','Иван','Иванович','2004-02-10');
INSERT INTO [dbo].[PLAYER] VALUES(74,'Аверьев','Анатолий','Альбертович','2004-06-29');
INSERT INTO [dbo].[PLAYER] VALUES(75,'Аверьев','Андрей','Альбертович','2004-07-07');
INSERT INTO [dbo].[PLAYER] VALUES(76,'Абрамкин','Анатолий','Альбертович','2004-01-01');
INSERT INTO [dbo].[PLAYER] VALUES(77,'Абрамкин','Андрей','Иванович','2004-12-31');
INSERT INTO [dbo].[PLAYER] VALUES(78,' Комаров','Анатолий','Альбертович','2004-05-01');
INSERT INTO [dbo].[PLAYER] VALUES(79,'Абдразаков','Анатолий','Сергеевич','2004-04-19');
INSERT INTO [dbo].[PLAYER] VALUES(80,'Гусин','Андрей','Николаевич','2004-01-01');
INSERT INTO [dbo].[PLAYER] VALUES(81,'Петров','Сергей','Альбертович','2002-05-05');
INSERT INTO [dbo].[PLAYER] VALUES(82,'Иванов','Виктор','Антонович','2002-06-06');
INSERT INTO [dbo].[PLAYER] VALUES(83,'Юзов','Антон','Федорович','2002-07-07');
INSERT INTO [dbo].[PLAYER] VALUES(84,'Сидоров','Антон','Николаевич','2002-08-08');
INSERT INTO [dbo].[PLAYER] VALUES(85,'Александров','Андрей','Сергеевич','2002-09-09');
INSERT INTO [dbo].[PLAYER] VALUES(86,'Топоров','Иван','Николаевич','2002-03-04');
INSERT INTO [dbo].[PLAYER] VALUES(87,'Лебедев','Иван','Сергеевич','2002-04-05');
INSERT INTO [dbo].[PLAYER] VALUES(88,'Аверьев','Петр','Глебович','2004-05-15');
INSERT INTO [dbo].[PLAYER] VALUES(89,'Белов','Сергей','Федорович','2004-07-12');
INSERT INTO [dbo].[PLAYER] VALUES(90,'Балабанов','Илья','Ильич','2004-10-30');
INSERT INTO [dbo].[PLAYER] VALUES(91,'Хлебов','Олег','Альбертович','2004-11-13');
INSERT INTO [dbo].[PLAYER] VALUES(92,'Смирнов','Иван','Альбертович','2004-12-16');
INSERT INTO [dbo].[PLAYER] VALUES(93,'Михайлов','Михаил','Иванович','2004-02-10');
INSERT INTO [dbo].[PLAYER] VALUES(94,'Игнатьев','Иван','Альбертович','2004-06-29');


go

INSERT INTO [dbo].[SPORTSCHOOL] VALUES(1,'Тверская улица,дом 13','Спортшкола №111');
INSERT INTO [dbo].[SPORTSCHOOL] VALUES(2,'Озерная аллея,10','Спортшкола №100');
INSERT INTO [dbo].[SPORTSCHOOL] VALUES(3,'Московский проспект,17','Спортшкола №90');
INSERT INTO [dbo].[SPORTSCHOOL] VALUES(4,'Улица Гоголя,корпус 2','Спортшкола №13');
INSERT INTO [dbo].[SPORTSCHOOL] VALUES(5,'Новосибирская улица,11А','Спортшкола №19');
INSERT INTO [dbo].[SPORTSCHOOL] VALUES(6,'Олимпийская деревня,2','Спортшкола №39');
INSERT INTO [dbo].[SPORTSCHOOL] VALUES(7,'Загородное шоссе,2А','Спортшкола №86');
INSERT INTO [dbo].[SPORTSCHOOL] VALUES(8,'ул. 800-летия Москвы,7Б','Спортшкола №69');
go
INSERT INTO [dbo].[TEAM] VALUES(1,'Зеленоград',2002,1);
INSERT INTO [dbo].[TEAM] VALUES(2,'Глория',2002,2);
INSERT INTO [dbo].[TEAM] VALUES(3,'Солнечногорск',2002,3);
INSERT INTO [dbo].[TEAM] VALUES(4,'Ястребы',2002,4);
INSERT INTO [dbo].[TEAM] VALUES(5,'Руна',2004,5);
INSERT INTO [dbo].[TEAM] VALUES(6,'Тринта',2004,6);
INSERT INTO [dbo].[TEAM] VALUES(7,'Динамо',2004,7);
INSERT INTO [dbo].[TEAM] VALUES(8,'Цска',2004,8);
go
INSERT INTO [dbo].[SEASON] VALUES(1,2019,'2018-09-01','2019-05-22');
INSERT INTO [dbo].[SEASON] VALUES(2,2020,'2019-09-02',null);
go
INSERT INTO [dbo].[SEASON_RATING] VALUES(1,1,1,1);
INSERT INTO [dbo].[SEASON_RATING] VALUES(1,2,5,2);
INSERT INTO [dbo].[SEASON_RATING] VALUES(1,3,2,3);
INSERT INTO [dbo].[SEASON_RATING] VALUES(1,4,4,4);
INSERT INTO [dbo].[SEASON_RATING] VALUES(1,5,3,5);
INSERT INTO [dbo].[SEASON_RATING] VALUES(1,6,7,6);
INSERT INTO [dbo].[SEASON_RATING] VALUES(1,7,6,7);
INSERT INTO [dbo].[SEASON_RATING] VALUES(1,8,8,8);
INSERT INTO [dbo].[SEASON_RATING] VALUES(2,1,1,9);
INSERT INTO [dbo].[SEASON_RATING] VALUES(2,2,2,10);
INSERT INTO [dbo].[SEASON_RATING] VALUES(2,3,3,11);
INSERT INTO [dbo].[SEASON_RATING] VALUES(2,4,7,12);
INSERT INTO [dbo].[SEASON_RATING] VALUES(2,5,8,13);
INSERT INTO [dbo].[SEASON_RATING] VALUES(2,6,6,14);
INSERT INTO [dbo].[SEASON_RATING] VALUES(2,7,4,15);
INSERT INTO [dbo].[SEASON_RATING] VALUES(2,8,5,16);
go
INSERT INTO [dbo].[COACH] VALUES(1,'Раевский ','Владимир','Константинович','2000-06-02',1);
INSERT INTO [dbo].[COACH] VALUES(2,'Абдулаев','Владислав','Павлович','1960-07-09',2);
INSERT INTO [dbo].[COACH] VALUES(3,'Леонтьев','Антон','Сергеевич','1987-01-01',3);
INSERT INTO [dbo].[COACH] VALUES(4,'Сапогов','Валентин','Романович','1999-10-27',4);
INSERT INTO [dbo].[COACH] VALUES(5,'Шапокляк','Валера','Александрович','1975-12-13',5);
INSERT INTO [dbo].[COACH] VALUES(6,'Шляпочник','Александр','Константинович','1978-09-12',6);
INSERT INTO [dbo].[COACH] VALUES(7,'Фонарева','Ольга','Маскимовна','1985-02-09',7);
INSERT INTO [dbo].[COACH] VALUES(8,'Сидоров','Аркадий','Сергеевич','1969-11-06',8);
go
INSERT INTO [dbo].[COACH_TEAM] VALUES(1,1,1,1);
INSERT INTO [dbo].[COACH_TEAM] VALUES(2,1,2,2);
INSERT INTO [dbo].[COACH_TEAM] VALUES(3,1,3,3);
INSERT INTO [dbo].[COACH_TEAM] VALUES(4,1,4,4);
INSERT INTO [dbo].[COACH_TEAM] VALUES(5,1,5,5);
INSERT INTO [dbo].[COACH_TEAM] VALUES(6,1,6,6);
INSERT INTO [dbo].[COACH_TEAM] VALUES(7,1,7,7);
INSERT INTO [dbo].[COACH_TEAM] VALUES(8,1,8,8);
INSERT INTO [dbo].[COACH_TEAM] VALUES(1,2,1,9);
INSERT INTO [dbo].[COACH_TEAM] VALUES(2,2,2,10);
INSERT INTO [dbo].[COACH_TEAM] VALUES(3,2,3,11);
INSERT INTO [dbo].[COACH_TEAM] VALUES(4,2,4,12);
INSERT INTO [dbo].[COACH_TEAM] VALUES(5,2,6,13);
INSERT INTO [dbo].[COACH_TEAM] VALUES(6,2,5,14);
INSERT INTO [dbo].[COACH_TEAM] VALUES(7,2,8,15);
INSERT INTO [dbo].[COACH_TEAM] VALUES(8,2,7,16);
go
INSERT INTO [dbo].[GAME] VALUES(1,1,'2019-10-01',1,3);
INSERT INTO [dbo].[GAME] VALUES(2,1,'2019-10-02',1,4);
INSERT INTO [dbo].[GAME] VALUES(3,1,'2019-10-03',1,3);
INSERT INTO [dbo].[GAME] VALUES(4,1,'2019-10-04',1,2);
INSERT INTO [dbo].[GAME] VALUES(5,1,'2019-10-05',2,1);
INSERT INTO [dbo].[GAME] VALUES(6,1,'2019-10-06',2,3);
INSERT INTO [dbo].[GAME] VALUES(7,1,'2019-10-07',2,4);
INSERT INTO [dbo].[GAME] VALUES(8,1,'2019-10-08',2,1);
INSERT INTO [dbo].[GAME] VALUES(9,1,'2019-11-01',3,2);
INSERT INTO [dbo].[GAME] VALUES(10,1,'2019-11-02',3,2);
INSERT INTO [dbo].[GAME] VALUES(11,1,'2019-11-03',3,1);
INSERT INTO [dbo].[GAME] VALUES(12,1,'2019-11-04',3,4);
INSERT INTO [dbo].[GAME] VALUES(13,1,'2019-11-05',4,1);
INSERT INTO [dbo].[GAME] VALUES(14,1,'2019-11-06',4,1);
INSERT INTO [dbo].[GAME] VALUES(15,1,'2019-11-07',4,2);
INSERT INTO [dbo].[GAME] VALUES(16,1,'2019-11-08',4,3);
INSERT INTO [dbo].[GAME] VALUES(17,2,'2020-10-02',1,4);
INSERT INTO [dbo].[GAME] VALUES(18,2,'2020-10-03',1,3);
INSERT INTO [dbo].[GAME] VALUES(19,2,'2020-10-04',1,2);
INSERT INTO [dbo].[GAME] VALUES(20,2,'2020-10-05',1,2);
INSERT INTO [dbo].[GAME] VALUES(21,2,'2020-10-06',2,4);
INSERT INTO [dbo].[GAME] VALUES(22,2,'2020-10-07',2,4);
INSERT INTO [dbo].[GAME] VALUES(23,2,'2020-10-08',2,3);
INSERT INTO [dbo].[GAME] VALUES(24,2,'2020-11-01',2,1);
INSERT INTO [dbo].[GAME] VALUES(25,2,'2020-11-02',3,1);
INSERT INTO [dbo].[GAME] VALUES(26,2,'2020-11-03',3,1);
INSERT INTO [dbo].[GAME] VALUES(27,2,'2020-11-04',3,2);
INSERT INTO [dbo].[GAME] VALUES(28,2,'2020-11-05',3,4);
INSERT INTO [dbo].[GAME] VALUES(29,2,'2020-11-06',4,2);
INSERT INTO [dbo].[GAME] VALUES(30,2,'2020-11-07',4,3);
INSERT INTO [dbo].[GAME] VALUES(31,2,'2020-11-08',4,3);
INSERT INTO [dbo].[GAME] VALUES(32,2,'2020-11-09',4,1);
INSERT INTO [dbo].[GAME] VALUES(33,1,'2020-11-10',5,6);
INSERT INTO [dbo].[GAME] VALUES(34,1,'2020-11-11',5,7);
INSERT INTO [dbo].[GAME] VALUES(35,1,'2020-11-12',5,8);
INSERT INTO [dbo].[GAME] VALUES(36,1,'2020-11-13',5,8);
INSERT INTO [dbo].[GAME] VALUES(37,1,'2020-11-14',6,7);
INSERT INTO [dbo].[GAME] VALUES(38,1,'2020-11-15',6,7);
INSERT INTO [dbo].[GAME] VALUES(39,1,'2020-11-16',6,5);
INSERT INTO [dbo].[GAME] VALUES(40,1,'2020-11-17',6,8);
INSERT INTO [dbo].[GAME] VALUES(41,1,'2020-11-18',7,5);
INSERT INTO [dbo].[GAME] VALUES(42,1,'2020-11-19',7,6);
INSERT INTO [dbo].[GAME] VALUES(43,1,'2020-11-20',7,8);
INSERT INTO [dbo].[GAME] VALUES(44,1,'2020-11-21',7,8);
INSERT INTO [dbo].[GAME] VALUES(45,1,'2020-11-22',8,5);
INSERT INTO [dbo].[GAME] VALUES(46,1,'2020-11-23',8,5);
INSERT INTO [dbo].[GAME] VALUES(47,1,'2020-11-24',8,6);
INSERT INTO [dbo].[GAME] VALUES(48,1,'2020-11-25',8,7);
INSERT INTO [dbo].[GAME] VALUES(49,2,'2020-11-26',5,6);
INSERT INTO [dbo].[GAME] VALUES(50,2,'2020-11-27',5,6);
INSERT INTO [dbo].[GAME] VALUES(51,2,'2020-11-28',5,7);
INSERT INTO [dbo].[GAME] VALUES(52,2,'2019-10-12',5,8);
INSERT INTO [dbo].[GAME] VALUES(53,2,'2019-10-13',6,8);
INSERT INTO [dbo].[GAME] VALUES(54,2,'2019-10-14',6,8);
INSERT INTO [dbo].[GAME] VALUES(55,2,'2019-10-15',6,7);
INSERT INTO [dbo].[GAME] VALUES(56,2,'2019-10-16',6,5);
INSERT INTO [dbo].[GAME] VALUES(57,2,'2019-10-17',7,5);
INSERT INTO [dbo].[GAME] VALUES(58,2,'2019-10-18',7,5);
INSERT INTO [dbo].[GAME] VALUES(59,2,'2019-10-19',7,6);
INSERT INTO [dbo].[GAME] VALUES(60,2,'2019-10-20',7,8);
INSERT INTO [dbo].[GAME] VALUES(61,2,'2019-10-21',8,5);
INSERT INTO [dbo].[GAME] VALUES(62,2,'2019-10-22',8,5);
INSERT INTO [dbo].[GAME] VALUES(63,2,'2019-10-23',8,6);
INSERT INTO [dbo].[GAME] VALUES(64,2,'2019-10-24',8,7);
go

INSERT INTO [dbo].[GAME_REPORT] VALUES (1,1,27,18,1);
INSERT INTO [dbo].[GAME_REPORT] VALUES (1,2,11,22,2);
INSERT INTO [dbo].[GAME_REPORT] VALUES (1,3,13,10,3);
INSERT INTO [dbo].[GAME_REPORT] VALUES (1,4,5,30,4);
INSERT INTO [dbo].[GAME_REPORT] VALUES (1,5,0,40,5);
INSERT INTO [dbo].[GAME_REPORT] VALUES (1,6,0,0,6);
INSERT INTO [dbo].[GAME_REPORT] VALUES (1,7,0,0,7);
INSERT INTO [dbo].[GAME_REPORT] VALUES (1,8,6,40,8);
INSERT INTO [dbo].[GAME_REPORT] VALUES (1,9,33,10,9);
INSERT INTO [dbo].[GAME_REPORT] VALUES (1,10,7,30,10);
INSERT INTO [dbo].[GAME_REPORT] VALUES (1,21,15,17,11);
INSERT INTO [dbo].[GAME_REPORT] VALUES (1,22,24,23,12);
INSERT INTO [dbo].[GAME_REPORT] VALUES (1,23,34,19,13);
INSERT INTO [dbo].[GAME_REPORT] VALUES (1,24,0,21,14);
INSERT INTO [dbo].[GAME_REPORT] VALUES (1,25,3,40,15);
INSERT INTO [dbo].[GAME_REPORT] VALUES (1,26,1,28,16);
INSERT INTO [dbo].[GAME_REPORT] VALUES (1,27,0,7,17);
INSERT INTO [dbo].[GAME_REPORT] VALUES (1,28,2,7,18);
INSERT INTO [dbo].[GAME_REPORT] VALUES (1,29,14,29,19);
INSERT INTO [dbo].[GAME_REPORT] VALUES (1,30,1,9,20);
INSERT INTO [dbo].[GAME_REPORT] VALUES (2,1,14,30,21);
INSERT INTO [dbo].[GAME_REPORT] VALUES (2,2,16,12,22);
INSERT INTO [dbo].[GAME_REPORT] VALUES (2,3,19,14,23);
INSERT INTO [dbo].[GAME_REPORT] VALUES (2,4,23,28,24);
INSERT INTO [dbo].[GAME_REPORT] VALUES (2,5,29,5,25);
INSERT INTO [dbo].[GAME_REPORT] VALUES (2,6,0,19,26);
INSERT INTO [dbo].[GAME_REPORT] VALUES (2,7,2,13,27);
INSERT INTO [dbo].[GAME_REPORT] VALUES (2,8,4,23,28);
INSERT INTO [dbo].[GAME_REPORT] VALUES (2,9,8,39,29);
INSERT INTO [dbo].[GAME_REPORT] VALUES (2,10,9,17,30);
INSERT INTO [dbo].[GAME_REPORT] VALUES (2,31,0,40,31);
INSERT INTO [dbo].[GAME_REPORT] VALUES (2,32,0,12,32);
INSERT INTO [dbo].[GAME_REPORT] VALUES (2,33,0,15,33);
INSERT INTO [dbo].[GAME_REPORT] VALUES (2,34,6,29,34);
INSERT INTO [dbo].[GAME_REPORT] VALUES (2,35,33,34,35);
INSERT INTO [dbo].[GAME_REPORT] VALUES (2,36,7,9,36);
INSERT INTO [dbo].[GAME_REPORT] VALUES (2,37,15,9,37);
INSERT INTO [dbo].[GAME_REPORT] VALUES (2,38,24,15,38);
INSERT INTO [dbo].[GAME_REPORT] VALUES (2,39,14,18,39);
INSERT INTO [dbo].[GAME_REPORT] VALUES (2,40,24,19,40);
INSERT INTO [dbo].[GAME_REPORT] VALUES (3,1,28,10,41);
INSERT INTO [dbo].[GAME_REPORT] VALUES (3,2,0,12,42);
INSERT INTO [dbo].[GAME_REPORT] VALUES (3,3,9,14,43);
INSERT INTO [dbo].[GAME_REPORT] VALUES (3,4,6,9,44);
INSERT INTO [dbo].[GAME_REPORT] VALUES (3,5,4,8,45);
INSERT INTO [dbo].[GAME_REPORT] VALUES (3,6,11,40,46);
INSERT INTO [dbo].[GAME_REPORT] VALUES (3,7,15,40,47);
INSERT INTO [dbo].[GAME_REPORT] VALUES (3,8,12,20,48);
INSERT INTO [dbo].[GAME_REPORT] VALUES (3,9,18,22,49);
INSERT INTO [dbo].[GAME_REPORT] VALUES (3,10,29,25,50);
INSERT INTO [dbo].[GAME_REPORT] VALUES (3,21,11,29,51);
INSERT INTO [dbo].[GAME_REPORT] VALUES (3,22,5,27,52);
INSERT INTO [dbo].[GAME_REPORT] VALUES (3,23,0,18,53);
INSERT INTO [dbo].[GAME_REPORT] VALUES (3,24,3,14,54);
INSERT INTO [dbo].[GAME_REPORT] VALUES (3,25,2,16,55);
INSERT INTO [dbo].[GAME_REPORT] VALUES (3,26,19,10,56);
INSERT INTO [dbo].[GAME_REPORT] VALUES (3,27,11,9,57);
INSERT INTO [dbo].[GAME_REPORT] VALUES (3,28,7,28,58);
INSERT INTO [dbo].[GAME_REPORT] VALUES (3,29,24,40,59);
INSERT INTO [dbo].[GAME_REPORT] VALUES (3,30,0,9,60);
INSERT INTO [dbo].[GAME_REPORT] VALUES (4,1,4,40,61);
INSERT INTO [dbo].[GAME_REPORT] VALUES (4,2,3,12,62);
INSERT INTO [dbo].[GAME_REPORT] VALUES (4,3,2,15,63);
INSERT INTO [dbo].[GAME_REPORT] VALUES (4,4,30,29,64);
INSERT INTO [dbo].[GAME_REPORT] VALUES (4,5,32,34,65);
INSERT INTO [dbo].[GAME_REPORT] VALUES (4,6,11,9,66);
INSERT INTO [dbo].[GAME_REPORT] VALUES (4,7,15,9,67);
INSERT INTO [dbo].[GAME_REPORT] VALUES (4,8,19,15,68);
INSERT INTO [dbo].[GAME_REPORT] VALUES (4,9,13,18,69);
INSERT INTO [dbo].[GAME_REPORT] VALUES (4,10,11,19,70);
INSERT INTO [dbo].[GAME_REPORT] VALUES (4,11,16,10,71);
INSERT INTO [dbo].[GAME_REPORT] VALUES (4,12,1,12,72);
INSERT INTO [dbo].[GAME_REPORT] VALUES (4,13,9,14,73);
INSERT INTO [dbo].[GAME_REPORT] VALUES (4,14,12,9,74);
INSERT INTO [dbo].[GAME_REPORT] VALUES (4,15,9,8,75);
INSERT INTO [dbo].[GAME_REPORT] VALUES (4,16,0,40,76);
INSERT INTO [dbo].[GAME_REPORT] VALUES (4,17,0,40,77);
INSERT INTO [dbo].[GAME_REPORT] VALUES (4,18,13,20,78);
INSERT INTO [dbo].[GAME_REPORT] VALUES (4,19,8,22,79);
INSERT INTO [dbo].[GAME_REPORT] VALUES (4,20,25,25,80);
INSERT INTO [dbo].[GAME_REPORT] VALUES (5,11,23,17,81);
INSERT INTO [dbo].[GAME_REPORT] VALUES (5,12,12,23,82);
INSERT INTO [dbo].[GAME_REPORT] VALUES (5,13,19,19,83);
INSERT INTO [dbo].[GAME_REPORT] VALUES (5,14,1,21,84);
INSERT INTO [dbo].[GAME_REPORT] VALUES (5,15,1,40,85);
INSERT INTO [dbo].[GAME_REPORT] VALUES (5,16,0,28,86);
INSERT INTO [dbo].[GAME_REPORT] VALUES (5,17,0,7,87);
INSERT INTO [dbo].[GAME_REPORT] VALUES (5,18,21,7,88);
INSERT INTO [dbo].[GAME_REPORT] VALUES (5,19,10,29,89);
INSERT INTO [dbo].[GAME_REPORT] VALUES (5,20,23,9,90);
INSERT INTO [dbo].[GAME_REPORT] VALUES (5,1,0,29,91);
INSERT INTO [dbo].[GAME_REPORT] VALUES (5,2,0,27,92);
INSERT INTO [dbo].[GAME_REPORT] VALUES (5,3,13,18,93);
INSERT INTO [dbo].[GAME_REPORT] VALUES (5,4,13,14,94);
INSERT INTO [dbo].[GAME_REPORT] VALUES (5,5,11,16,95);
INSERT INTO [dbo].[GAME_REPORT] VALUES (5,6,12,10,96);
INSERT INTO [dbo].[GAME_REPORT] VALUES (5,7,17,9,97);
INSERT INTO [dbo].[GAME_REPORT] VALUES (5,8,1,28,98);
INSERT INTO [dbo].[GAME_REPORT] VALUES (5,9,13,40,99);
INSERT INTO [dbo].[GAME_REPORT] VALUES (5,10,9,9,100);
INSERT INTO [dbo].[GAME_REPORT] VALUES (6,11,18,40,101);
INSERT INTO [dbo].[GAME_REPORT] VALUES (6,12,10,12,102);
INSERT INTO [dbo].[GAME_REPORT] VALUES (6,13,11,15,103);
INSERT INTO [dbo].[GAME_REPORT] VALUES (6,14,3,29,104);
INSERT INTO [dbo].[GAME_REPORT] VALUES (6,15,10,34,105);
INSERT INTO [dbo].[GAME_REPORT] VALUES (6,16,9,9,106);
INSERT INTO [dbo].[GAME_REPORT] VALUES (6,17,7,9,107);
INSERT INTO [dbo].[GAME_REPORT] VALUES (6,18,21,15,108);
INSERT INTO [dbo].[GAME_REPORT] VALUES (6,19,19,18,109);
INSERT INTO [dbo].[GAME_REPORT] VALUES (6,20,25,19,110);
INSERT INTO [dbo].[GAME_REPORT] VALUES (6,21,3,17,111);
INSERT INTO [dbo].[GAME_REPORT] VALUES (6,22,13,23,112);
INSERT INTO [dbo].[GAME_REPORT] VALUES (6,23,8,19,113);
INSERT INTO [dbo].[GAME_REPORT] VALUES (6,24,17,21,114);
INSERT INTO [dbo].[GAME_REPORT] VALUES (6,25,6,40,115);
INSERT INTO [dbo].[GAME_REPORT] VALUES (6,26,0,28,116);
INSERT INTO [dbo].[GAME_REPORT] VALUES (6,27,0,7,117);
INSERT INTO [dbo].[GAME_REPORT] VALUES (6,28,0,7,118);
INSERT INTO [dbo].[GAME_REPORT] VALUES (6,29,0,29,119);
INSERT INTO [dbo].[GAME_REPORT] VALUES (6,30,6,9,120);
INSERT INTO [dbo].[GAME_REPORT] VALUES (7,11,3,10,121);
INSERT INTO [dbo].[GAME_REPORT] VALUES (7,12,24,12,122);
INSERT INTO [dbo].[GAME_REPORT] VALUES (7,13,12,14,123);
INSERT INTO [dbo].[GAME_REPORT] VALUES (7,14,17,9,124);
INSERT INTO [dbo].[GAME_REPORT] VALUES (7,15,25,8,125);
INSERT INTO [dbo].[GAME_REPORT] VALUES (7,16,16,40,126);
INSERT INTO [dbo].[GAME_REPORT] VALUES (7,17,18,40,127);
INSERT INTO [dbo].[GAME_REPORT] VALUES (7,18,6,20,128);
INSERT INTO [dbo].[GAME_REPORT] VALUES (7,19,19,22,129);
INSERT INTO [dbo].[GAME_REPORT] VALUES (7,20,21,25,130);
INSERT INTO [dbo].[GAME_REPORT] VALUES (7,31,8,29,131);
INSERT INTO [dbo].[GAME_REPORT] VALUES (7,32,6,27,132);
INSERT INTO [dbo].[GAME_REPORT] VALUES (7,33,7,18,133);
INSERT INTO [dbo].[GAME_REPORT] VALUES (7,34,10,14,134);
INSERT INTO [dbo].[GAME_REPORT] VALUES (7,35,17,16,135);
INSERT INTO [dbo].[GAME_REPORT] VALUES (7,36,20,10,136);
INSERT INTO [dbo].[GAME_REPORT] VALUES (7,37,4,9,137);
INSERT INTO [dbo].[GAME_REPORT] VALUES (7,38,0,28,138);
INSERT INTO [dbo].[GAME_REPORT] VALUES (7,39,0,40,139);
INSERT INTO [dbo].[GAME_REPORT] VALUES (7,40,0,9,140);
INSERT INTO [dbo].[GAME_REPORT] VALUES (8,11,15,17,141);
INSERT INTO [dbo].[GAME_REPORT] VALUES (8,12,7,23,142);
INSERT INTO [dbo].[GAME_REPORT] VALUES (8,13,15,19,143);
INSERT INTO [dbo].[GAME_REPORT] VALUES (8,14,10,21,144);
INSERT INTO [dbo].[GAME_REPORT] VALUES (8,15,12,40,145);
INSERT INTO [dbo].[GAME_REPORT] VALUES (8,16,2,28,146);
INSERT INTO [dbo].[GAME_REPORT] VALUES (8,17,3,7,147);
INSERT INTO [dbo].[GAME_REPORT] VALUES (8,18,22,7,148);
INSERT INTO [dbo].[GAME_REPORT] VALUES (8,19,25,29,149);
INSERT INTO [dbo].[GAME_REPORT] VALUES (8,20,8,9,150);
INSERT INTO [dbo].[GAME_REPORT] VALUES (8,1,3,30,151);
INSERT INTO [dbo].[GAME_REPORT] VALUES (8,2,22,12,152);
INSERT INTO [dbo].[GAME_REPORT] VALUES (8,3,8,14,153);
INSERT INTO [dbo].[GAME_REPORT] VALUES (8,4,23,28,154);
INSERT INTO [dbo].[GAME_REPORT] VALUES (8,5,10,5,155);
INSERT INTO [dbo].[GAME_REPORT] VALUES (8,6,0,19,156);
INSERT INTO [dbo].[GAME_REPORT] VALUES (8,7,0,13,157);
INSERT INTO [dbo].[GAME_REPORT] VALUES (8,8,0,23,158);
INSERT INTO [dbo].[GAME_REPORT] VALUES (8,9,5,39,159);
INSERT INTO [dbo].[GAME_REPORT] VALUES (8,10,25,17,160);
INSERT INTO [dbo].[GAME_REPORT] VALUES (9,21,2,40,161);
INSERT INTO [dbo].[GAME_REPORT] VALUES (9,22,16,12,162);
INSERT INTO [dbo].[GAME_REPORT] VALUES (9,23,13,15,163);
INSERT INTO [dbo].[GAME_REPORT] VALUES (9,24,0,29,164);
INSERT INTO [dbo].[GAME_REPORT] VALUES (9,25,1,34,165);
INSERT INTO [dbo].[GAME_REPORT] VALUES (9,26,15,9,166);
INSERT INTO [dbo].[GAME_REPORT] VALUES (9,27,22,9,167);
INSERT INTO [dbo].[GAME_REPORT] VALUES (9,28,12,15,168);
INSERT INTO [dbo].[GAME_REPORT] VALUES (9,29,11,18,169);
INSERT INTO [dbo].[GAME_REPORT] VALUES (9,30,3,19,170);
INSERT INTO [dbo].[GAME_REPORT] VALUES (9,11,13,10,171);
INSERT INTO [dbo].[GAME_REPORT] VALUES (9,12,5,12,172);
INSERT INTO [dbo].[GAME_REPORT] VALUES (9,13,23,14,173);
INSERT INTO [dbo].[GAME_REPORT] VALUES (9,14,1,9,174);
INSERT INTO [dbo].[GAME_REPORT] VALUES (9,15,0,8,175);
INSERT INTO [dbo].[GAME_REPORT] VALUES (9,16,0,40,176);
INSERT INTO [dbo].[GAME_REPORT] VALUES (9,17,0,40,177);
INSERT INTO [dbo].[GAME_REPORT] VALUES (9,18,6,20,178);
INSERT INTO [dbo].[GAME_REPORT] VALUES (9,19,14,22,179);
INSERT INTO [dbo].[GAME_REPORT] VALUES (9,20,8,25,180);
INSERT INTO [dbo].[GAME_REPORT] VALUES (10,21,9,29,181);
INSERT INTO [dbo].[GAME_REPORT] VALUES (10,22,1,27,182);
INSERT INTO [dbo].[GAME_REPORT] VALUES (10,23,3,18,183);
INSERT INTO [dbo].[GAME_REPORT] VALUES (10,24,1,14,184);
INSERT INTO [dbo].[GAME_REPORT] VALUES (10,25,2,16,185);
INSERT INTO [dbo].[GAME_REPORT] VALUES (10,26,10,10,186);
INSERT INTO [dbo].[GAME_REPORT] VALUES (10,27,2,9,187);
INSERT INTO [dbo].[GAME_REPORT] VALUES (10,28,15,28,188);
INSERT INTO [dbo].[GAME_REPORT] VALUES (10,29,6,40,189);
INSERT INTO [dbo].[GAME_REPORT] VALUES (10,30,18,9,190);
INSERT INTO [dbo].[GAME_REPORT] VALUES (10,11,6,30,191);
INSERT INTO [dbo].[GAME_REPORT] VALUES (10,12,0,12,192);
INSERT INTO [dbo].[GAME_REPORT] VALUES (10,13,0,14,193);
INSERT INTO [dbo].[GAME_REPORT] VALUES (10,14,0,28,194);
INSERT INTO [dbo].[GAME_REPORT] VALUES (10,15,7,5,195);
INSERT INTO [dbo].[GAME_REPORT] VALUES (10,16,23,19,196);
INSERT INTO [dbo].[GAME_REPORT] VALUES (10,17,10,13,197);
INSERT INTO [dbo].[GAME_REPORT] VALUES (10,18,15,23,198);
INSERT INTO [dbo].[GAME_REPORT] VALUES (10,19,8,39,199);
INSERT INTO [dbo].[GAME_REPORT] VALUES (10,20,15,17,200);
INSERT INTO [dbo].[GAME_REPORT] VALUES (11,21,2,40,201);
INSERT INTO [dbo].[GAME_REPORT] VALUES (11,22,6,12,202);
INSERT INTO [dbo].[GAME_REPORT] VALUES (11,23,9,15,203);
INSERT INTO [dbo].[GAME_REPORT] VALUES (11,24,25,29,204);
INSERT INTO [dbo].[GAME_REPORT] VALUES (11,25,4,34,205);
INSERT INTO [dbo].[GAME_REPORT] VALUES (11,26,19,9,206);
INSERT INTO [dbo].[GAME_REPORT] VALUES (11,27,16,9,207);
INSERT INTO [dbo].[GAME_REPORT] VALUES (11,28,13,15,208);
INSERT INTO [dbo].[GAME_REPORT] VALUES (11,29,10,18,209);
INSERT INTO [dbo].[GAME_REPORT] VALUES (11,30,17,19,210);
INSERT INTO [dbo].[GAME_REPORT] VALUES (11,1,4,29,211);
INSERT INTO [dbo].[GAME_REPORT] VALUES (11,2,14,27,212);
INSERT INTO [dbo].[GAME_REPORT] VALUES (11,3,5,18,213);
INSERT INTO [dbo].[GAME_REPORT] VALUES (11,4,21,14,214);
INSERT INTO [dbo].[GAME_REPORT] VALUES (11,5,15,16,215);
INSERT INTO [dbo].[GAME_REPORT] VALUES (11,6,2,10,216);
INSERT INTO [dbo].[GAME_REPORT] VALUES (11,7,0,9,217);
INSERT INTO [dbo].[GAME_REPORT] VALUES (11,8,0,28,218);
INSERT INTO [dbo].[GAME_REPORT] VALUES (11,9,0,40,219);
INSERT INTO [dbo].[GAME_REPORT] VALUES (11,10,2,9,220);
INSERT INTO [dbo].[GAME_REPORT] VALUES (12,21,10,17,221);
INSERT INTO [dbo].[GAME_REPORT] VALUES (12,22,18,23,222);
INSERT INTO [dbo].[GAME_REPORT] VALUES (12,23,8,19,223);
INSERT INTO [dbo].[GAME_REPORT] VALUES (12,24,9,21,224);
INSERT INTO [dbo].[GAME_REPORT] VALUES (12,25,19,40,225);
INSERT INTO [dbo].[GAME_REPORT] VALUES (12,26,10,28,226);
INSERT INTO [dbo].[GAME_REPORT] VALUES (12,27,20,7,227);
INSERT INTO [dbo].[GAME_REPORT] VALUES (12,28,25,7,228);
INSERT INTO [dbo].[GAME_REPORT] VALUES (12,29,15,29,229);
INSERT INTO [dbo].[GAME_REPORT] VALUES (12,30,6,9,230);
INSERT INTO [dbo].[GAME_REPORT] VALUES (12,31,15,10,231);
INSERT INTO [dbo].[GAME_REPORT] VALUES (12,32,18,12,232);
INSERT INTO [dbo].[GAME_REPORT] VALUES (12,33,2,14,233);
INSERT INTO [dbo].[GAME_REPORT] VALUES (12,34,6,9,234);
INSERT INTO [dbo].[GAME_REPORT] VALUES (12,35,19,8,235);
INSERT INTO [dbo].[GAME_REPORT] VALUES (12,36,0,40,236);
INSERT INTO [dbo].[GAME_REPORT] VALUES (12,37,25,40,237);
INSERT INTO [dbo].[GAME_REPORT] VALUES (12,38,6,20,238);
INSERT INTO [dbo].[GAME_REPORT] VALUES (12,39,4,22,239);
INSERT INTO [dbo].[GAME_REPORT] VALUES (12,40,12,25,240);
INSERT INTO [dbo].[GAME_REPORT] VALUES (13,31,10,30,241);
INSERT INTO [dbo].[GAME_REPORT] VALUES (13,32,17,12,242);
INSERT INTO [dbo].[GAME_REPORT] VALUES (13,33,5,14,243);
INSERT INTO [dbo].[GAME_REPORT] VALUES (13,34,21,28,244);
INSERT INTO [dbo].[GAME_REPORT] VALUES (13,35,18,5,245);
INSERT INTO [dbo].[GAME_REPORT] VALUES (13,36,23,19,246);
INSERT INTO [dbo].[GAME_REPORT] VALUES (13,37,16,13,247);
INSERT INTO [dbo].[GAME_REPORT] VALUES (13,38,23,23,248);
INSERT INTO [dbo].[GAME_REPORT] VALUES (13,39,6,39,249);
INSERT INTO [dbo].[GAME_REPORT] VALUES (13,40,21,17,250);
INSERT INTO [dbo].[GAME_REPORT] VALUES (13,1,2,40,251);
INSERT INTO [dbo].[GAME_REPORT] VALUES (13,2,12,12,252);
INSERT INTO [dbo].[GAME_REPORT] VALUES (13,3,18,15,253);
INSERT INTO [dbo].[GAME_REPORT] VALUES (13,4,22,29,254);
INSERT INTO [dbo].[GAME_REPORT] VALUES (13,5,3,34,255);
INSERT INTO [dbo].[GAME_REPORT] VALUES (13,6,18,9,256);
INSERT INTO [dbo].[GAME_REPORT] VALUES (13,7,0,9,257);
INSERT INTO [dbo].[GAME_REPORT] VALUES (13,8,0,15,258);
INSERT INTO [dbo].[GAME_REPORT] VALUES (13,9,0,18,259);
INSERT INTO [dbo].[GAME_REPORT] VALUES (13,10,2,19,260);
INSERT INTO [dbo].[GAME_REPORT] VALUES (14,31,11,29,261);
INSERT INTO [dbo].[GAME_REPORT] VALUES (14,32,24,27,262);
INSERT INTO [dbo].[GAME_REPORT] VALUES (14,33,14,18,263);
INSERT INTO [dbo].[GAME_REPORT] VALUES (14,34,11,14,264);
INSERT INTO [dbo].[GAME_REPORT] VALUES (14,35,0,16,265);
INSERT INTO [dbo].[GAME_REPORT] VALUES (14,36,13,10,266);
INSERT INTO [dbo].[GAME_REPORT] VALUES (14,37,15,9,267);
INSERT INTO [dbo].[GAME_REPORT] VALUES (14,38,24,28,268);
INSERT INTO [dbo].[GAME_REPORT] VALUES (14,39,6,40,269);
INSERT INTO [dbo].[GAME_REPORT] VALUES (14,40,23,9,270);
INSERT INTO [dbo].[GAME_REPORT] VALUES (14,1,9,17,271);
INSERT INTO [dbo].[GAME_REPORT] VALUES (14,2,15,23,272);
INSERT INTO [dbo].[GAME_REPORT] VALUES (14,3,3,19,273);
INSERT INTO [dbo].[GAME_REPORT] VALUES (14,4,12,21,274);
INSERT INTO [dbo].[GAME_REPORT] VALUES (14,5,15,40,275);
INSERT INTO [dbo].[GAME_REPORT] VALUES (14,6,8,28,276);
INSERT INTO [dbo].[GAME_REPORT] VALUES (14,7,9,7,277);
INSERT INTO [dbo].[GAME_REPORT] VALUES (14,8,23,7,278);
INSERT INTO [dbo].[GAME_REPORT] VALUES (14,9,14,29,279);
INSERT INTO [dbo].[GAME_REPORT] VALUES (14,10,20,9,280);
INSERT INTO [dbo].[GAME_REPORT] VALUES (15,31,5,29,281);
INSERT INTO [dbo].[GAME_REPORT] VALUES (15,32,21,27,282);
INSERT INTO [dbo].[GAME_REPORT] VALUES (15,33,10,18,283);
INSERT INTO [dbo].[GAME_REPORT] VALUES (15,34,25,14,284);
INSERT INTO [dbo].[GAME_REPORT] VALUES (15,35,0,16,285);
INSERT INTO [dbo].[GAME_REPORT] VALUES (15,36,0,10,286);
INSERT INTO [dbo].[GAME_REPORT] VALUES (15,37,0,9,287);
INSERT INTO [dbo].[GAME_REPORT] VALUES (15,38,0,28,288);
INSERT INTO [dbo].[GAME_REPORT] VALUES (15,39,7,40,289);
INSERT INTO [dbo].[GAME_REPORT] VALUES (15,40,1,9,290);
INSERT INTO [dbo].[GAME_REPORT] VALUES (15,11,24,30,291);
INSERT INTO [dbo].[GAME_REPORT] VALUES (15,12,20,12,292);
INSERT INTO [dbo].[GAME_REPORT] VALUES (15,13,14,14,293);
INSERT INTO [dbo].[GAME_REPORT] VALUES (15,14,6,28,294);
INSERT INTO [dbo].[GAME_REPORT] VALUES (15,15,17,5,295);
INSERT INTO [dbo].[GAME_REPORT] VALUES (15,16,21,19,296);
INSERT INTO [dbo].[GAME_REPORT] VALUES (15,17,4,13,297);
INSERT INTO [dbo].[GAME_REPORT] VALUES (15,18,11,23,298);
INSERT INTO [dbo].[GAME_REPORT] VALUES (15,19,1,39,299);
INSERT INTO [dbo].[GAME_REPORT] VALUES (15,20,5,17,300);
INSERT INTO [dbo].[GAME_REPORT] VALUES (16,31,10,17,301);
INSERT INTO [dbo].[GAME_REPORT] VALUES (16,32,6,23,302);
INSERT INTO [dbo].[GAME_REPORT] VALUES (16,33,7,19,303);
INSERT INTO [dbo].[GAME_REPORT] VALUES (16,34,16,21,304);
INSERT INTO [dbo].[GAME_REPORT] VALUES (16,35,7,40,305);
INSERT INTO [dbo].[GAME_REPORT] VALUES (16,36,19,28,306);
INSERT INTO [dbo].[GAME_REPORT] VALUES (16,37,16,7,307);
INSERT INTO [dbo].[GAME_REPORT] VALUES (16,38,3,7,308);
INSERT INTO [dbo].[GAME_REPORT] VALUES (16,39,20,29,309);
INSERT INTO [dbo].[GAME_REPORT] VALUES (16,40,4,9,310);
INSERT INTO [dbo].[GAME_REPORT] VALUES (16,21,0,30,311);
INSERT INTO [dbo].[GAME_REPORT] VALUES (16,22,0,12,312);
INSERT INTO [dbo].[GAME_REPORT] VALUES (16,23,0,14,313);
INSERT INTO [dbo].[GAME_REPORT] VALUES (16,24,8,28,314);
INSERT INTO [dbo].[GAME_REPORT] VALUES (16,25,2,5,315);
INSERT INTO [dbo].[GAME_REPORT] VALUES (16,26,4,19,316);
INSERT INTO [dbo].[GAME_REPORT] VALUES (16,27,6,13,317);
INSERT INTO [dbo].[GAME_REPORT] VALUES (16,28,7,23,318);
INSERT INTO [dbo].[GAME_REPORT] VALUES (16,29,23,39,319);
INSERT INTO [dbo].[GAME_REPORT] VALUES (16,30,0,17,320);
INSERT INTO [dbo].[GAME_REPORT] VALUES (17,1,9,40,321);
INSERT INTO [dbo].[GAME_REPORT] VALUES (17,22,3,12,322);
INSERT INTO [dbo].[GAME_REPORT] VALUES (17,3,5,15,323);
INSERT INTO [dbo].[GAME_REPORT] VALUES (17,4,8,29,324);
INSERT INTO [dbo].[GAME_REPORT] VALUES (17,5,20,34,325);
INSERT INTO [dbo].[GAME_REPORT] VALUES (17,6,14,9,326);
INSERT INTO [dbo].[GAME_REPORT] VALUES (17,7,8,9,327);
INSERT INTO [dbo].[GAME_REPORT] VALUES (17,8,15,15,328);
INSERT INTO [dbo].[GAME_REPORT] VALUES (17,9,12,18,329);
INSERT INTO [dbo].[GAME_REPORT] VALUES (17,10,10,19,330);
INSERT INTO [dbo].[GAME_REPORT] VALUES (17,31,6,30,331);
INSERT INTO [dbo].[GAME_REPORT] VALUES (17,32,7,12,332);
INSERT INTO [dbo].[GAME_REPORT] VALUES (17,33,17,14,333);
INSERT INTO [dbo].[GAME_REPORT] VALUES (17,34,21,28,334);
INSERT INTO [dbo].[GAME_REPORT] VALUES (17,35,0,5,335);
INSERT INTO [dbo].[GAME_REPORT] VALUES (17,36,0,19,336);
INSERT INTO [dbo].[GAME_REPORT] VALUES (17,37,0,13,337);
INSERT INTO [dbo].[GAME_REPORT] VALUES (17,38,10,23,338);
INSERT INTO [dbo].[GAME_REPORT] VALUES (17,39,3,39,339);
INSERT INTO [dbo].[GAME_REPORT] VALUES (17,40,8,17,340);
INSERT INTO [dbo].[GAME_REPORT] VALUES (18,1,1,29,341);
INSERT INTO [dbo].[GAME_REPORT] VALUES (18,22,13,27,342);
INSERT INTO [dbo].[GAME_REPORT] VALUES (18,3,6,18,343);
INSERT INTO [dbo].[GAME_REPORT] VALUES (18,4,15,14,344);
INSERT INTO [dbo].[GAME_REPORT] VALUES (18,5,6,16,345);
INSERT INTO [dbo].[GAME_REPORT] VALUES (18,6,10,10,346);
INSERT INTO [dbo].[GAME_REPORT] VALUES (18,7,15,9,347);
INSERT INTO [dbo].[GAME_REPORT] VALUES (18,8,13,28,348);
INSERT INTO [dbo].[GAME_REPORT] VALUES (18,9,14,40,349);
INSERT INTO [dbo].[GAME_REPORT] VALUES (18,10,19,9,350);
INSERT INTO [dbo].[GAME_REPORT] VALUES (18,21,1,17,351);
INSERT INTO [dbo].[GAME_REPORT] VALUES (18,2,8,23,352);
INSERT INTO [dbo].[GAME_REPORT] VALUES (18,13,6,19,353);
INSERT INTO [dbo].[GAME_REPORT] VALUES (18,24,12,21,354);
INSERT INTO [dbo].[GAME_REPORT] VALUES (18,25,19,40,355);
INSERT INTO [dbo].[GAME_REPORT] VALUES (18,26,0,28,356);
INSERT INTO [dbo].[GAME_REPORT] VALUES (18,27,0,7,357);
INSERT INTO [dbo].[GAME_REPORT] VALUES (18,28,0,7,358);
INSERT INTO [dbo].[GAME_REPORT] VALUES (18,29,25,29,359);
INSERT INTO [dbo].[GAME_REPORT] VALUES (18,30,5,9,360);
INSERT INTO [dbo].[GAME_REPORT] VALUES (19,1,14,29,361);
INSERT INTO [dbo].[GAME_REPORT] VALUES (19,22,23,27,362);
INSERT INTO [dbo].[GAME_REPORT] VALUES (19,3,10,18,363);
INSERT INTO [dbo].[GAME_REPORT] VALUES (19,4,10,14,364);
INSERT INTO [dbo].[GAME_REPORT] VALUES (19,5,0,16,365);
INSERT INTO [dbo].[GAME_REPORT] VALUES (19,6,9,10,366);
INSERT INTO [dbo].[GAME_REPORT] VALUES (19,7,20,9,367);
INSERT INTO [dbo].[GAME_REPORT] VALUES (19,8,3,28,368);
INSERT INTO [dbo].[GAME_REPORT] VALUES (19,9,10,40,369);
INSERT INTO [dbo].[GAME_REPORT] VALUES (19,10,24,9,370);
INSERT INTO [dbo].[GAME_REPORT] VALUES (19,11,9,30,371);
INSERT INTO [dbo].[GAME_REPORT] VALUES (19,12,0,12,372);
INSERT INTO [dbo].[GAME_REPORT] VALUES (19,23,0,14,373);
INSERT INTO [dbo].[GAME_REPORT] VALUES (19,14,0,28,374);
INSERT INTO [dbo].[GAME_REPORT] VALUES (19,15,8,5,375);
INSERT INTO [dbo].[GAME_REPORT] VALUES (19,16,14,19,376);
INSERT INTO [dbo].[GAME_REPORT] VALUES (19,17,25,13,377);
INSERT INTO [dbo].[GAME_REPORT] VALUES (19,18,24,23,378);
INSERT INTO [dbo].[GAME_REPORT] VALUES (19,19,1,39,379);
INSERT INTO [dbo].[GAME_REPORT] VALUES (19,20,1,17,380);
INSERT INTO [dbo].[GAME_REPORT] VALUES (20,1,2,17,381);
INSERT INTO [dbo].[GAME_REPORT] VALUES (20,22,15,23,382);
INSERT INTO [dbo].[GAME_REPORT] VALUES (20,3,5,19,383);
INSERT INTO [dbo].[GAME_REPORT] VALUES (20,4,12,21,384);
INSERT INTO [dbo].[GAME_REPORT] VALUES (20,5,9,40,385);
INSERT INTO [dbo].[GAME_REPORT] VALUES (20,6,20,28,386);
INSERT INTO [dbo].[GAME_REPORT] VALUES (20,7,7,7,387);
INSERT INTO [dbo].[GAME_REPORT] VALUES (20,8,7,7,388);
INSERT INTO [dbo].[GAME_REPORT] VALUES (20,9,23,29,389);
INSERT INTO [dbo].[GAME_REPORT] VALUES (20,10,6,9,390);
INSERT INTO [dbo].[GAME_REPORT] VALUES (20,11,11,10,391);
INSERT INTO [dbo].[GAME_REPORT] VALUES (20,12,8,12,392);
INSERT INTO [dbo].[GAME_REPORT] VALUES (20,23,14,14,393);
INSERT INTO [dbo].[GAME_REPORT] VALUES (20,14,0,9,394);
INSERT INTO [dbo].[GAME_REPORT] VALUES (20,15,13,8,395);
INSERT INTO [dbo].[GAME_REPORT] VALUES (20,16,0,40,396);
INSERT INTO [dbo].[GAME_REPORT] VALUES (20,17,0,40,397);
INSERT INTO [dbo].[GAME_REPORT] VALUES (20,18,6,20,398);
INSERT INTO [dbo].[GAME_REPORT] VALUES (20,19,22,22,399);
INSERT INTO [dbo].[GAME_REPORT] VALUES (20,20,24,25,400);
INSERT INTO [dbo].[GAME_REPORT] VALUES (21,11,18,30,401);
INSERT INTO [dbo].[GAME_REPORT] VALUES (21,12,21,12,402);
INSERT INTO [dbo].[GAME_REPORT] VALUES (21,23,16,14,403);
INSERT INTO [dbo].[GAME_REPORT] VALUES (21,14,19,28,404);
INSERT INTO [dbo].[GAME_REPORT] VALUES (21,15,12,5,405);
INSERT INTO [dbo].[GAME_REPORT] VALUES (21,16,3,19,406);
INSERT INTO [dbo].[GAME_REPORT] VALUES (21,17,8,13,407);
INSERT INTO [dbo].[GAME_REPORT] VALUES (21,18,22,23,408);
INSERT INTO [dbo].[GAME_REPORT] VALUES (21,19,19,39,409);
INSERT INTO [dbo].[GAME_REPORT] VALUES (21,20,23,17,410);
INSERT INTO [dbo].[GAME_REPORT] VALUES (21,31,14,40,411);
INSERT INTO [dbo].[GAME_REPORT] VALUES (21,32,15,12,412);
INSERT INTO [dbo].[GAME_REPORT] VALUES (21,33,18,15,413);
INSERT INTO [dbo].[GAME_REPORT] VALUES (21,34,24,29,414);
INSERT INTO [dbo].[GAME_REPORT] VALUES (21,35,0,34,415);
INSERT INTO [dbo].[GAME_REPORT] VALUES (21,36,0,9,416);
INSERT INTO [dbo].[GAME_REPORT] VALUES (21,37,6,9,417);
INSERT INTO [dbo].[GAME_REPORT] VALUES (21,38,23,15,418);
INSERT INTO [dbo].[GAME_REPORT] VALUES (21,39,3,18,419);
INSERT INTO [dbo].[GAME_REPORT] VALUES (21,40,25,19,420);
INSERT INTO [dbo].[GAME_REPORT] VALUES (22,11,14,29,421);
INSERT INTO [dbo].[GAME_REPORT] VALUES (22,12,3,27,422);
INSERT INTO [dbo].[GAME_REPORT] VALUES (22,23,25,18,423);
INSERT INTO [dbo].[GAME_REPORT] VALUES (22,14,4,14,424);
INSERT INTO [dbo].[GAME_REPORT] VALUES (22,15,1,16,425);
INSERT INTO [dbo].[GAME_REPORT] VALUES (22,16,19,10,426);
INSERT INTO [dbo].[GAME_REPORT] VALUES (22,17,12,9,427);
INSERT INTO [dbo].[GAME_REPORT] VALUES (22,18,10,28,428);
INSERT INTO [dbo].[GAME_REPORT] VALUES (22,19,23,40,429);
INSERT INTO [dbo].[GAME_REPORT] VALUES (22,20,11,9,430);
INSERT INTO [dbo].[GAME_REPORT] VALUES (22,31,16,17,431);
INSERT INTO [dbo].[GAME_REPORT] VALUES (22,32,6,23,432);
INSERT INTO [dbo].[GAME_REPORT] VALUES (22,33,18,19,433);
INSERT INTO [dbo].[GAME_REPORT] VALUES (22,34,1,21,434);
INSERT INTO [dbo].[GAME_REPORT] VALUES (22,35,1,40,435);
INSERT INTO [dbo].[GAME_REPORT] VALUES (22,36,2,28,436);
INSERT INTO [dbo].[GAME_REPORT] VALUES (22,37,11,7,437);
INSERT INTO [dbo].[GAME_REPORT] VALUES (22,38,6,7,438);
INSERT INTO [dbo].[GAME_REPORT] VALUES (22,39,14,29,439);
INSERT INTO [dbo].[GAME_REPORT] VALUES (22,40,1,9,440);
INSERT INTO [dbo].[GAME_REPORT] VALUES (23,11,25,40,441);
INSERT INTO [dbo].[GAME_REPORT] VALUES (23,12,19,12,442);
INSERT INTO [dbo].[GAME_REPORT] VALUES (23,23,5,15,443);
INSERT INTO [dbo].[GAME_REPORT] VALUES (23,14,17,29,444);
INSERT INTO [dbo].[GAME_REPORT] VALUES (23,15,17,34,445);
INSERT INTO [dbo].[GAME_REPORT] VALUES (23,16,10,9,446);
INSERT INTO [dbo].[GAME_REPORT] VALUES (23,17,15,9,447);
INSERT INTO [dbo].[GAME_REPORT] VALUES (23,18,5,15,448);
INSERT INTO [dbo].[GAME_REPORT] VALUES (23,19,10,18,449);
INSERT INTO [dbo].[GAME_REPORT] VALUES (23,20,11,19,450);
INSERT INTO [dbo].[GAME_REPORT] VALUES (23,21,8,30,451);
INSERT INTO [dbo].[GAME_REPORT] VALUES (23,2,1,12,452);
INSERT INTO [dbo].[GAME_REPORT] VALUES (23,13,1,14,453);
INSERT INTO [dbo].[GAME_REPORT] VALUES (23,24,1,28,454);
INSERT INTO [dbo].[GAME_REPORT] VALUES (23,25,14,5,455);
INSERT INTO [dbo].[GAME_REPORT] VALUES (23,26,6,19,456);
INSERT INTO [dbo].[GAME_REPORT] VALUES (23,27,19,13,457);
INSERT INTO [dbo].[GAME_REPORT] VALUES (23,28,17,23,458);
INSERT INTO [dbo].[GAME_REPORT] VALUES (23,29,25,39,459);
INSERT INTO [dbo].[GAME_REPORT] VALUES (23,30,18,17,460);
INSERT INTO [dbo].[GAME_REPORT] VALUES (24,11,15,17,461);
INSERT INTO [dbo].[GAME_REPORT] VALUES (24,12,0,23,462);
INSERT INTO [dbo].[GAME_REPORT] VALUES (24,23,4,19,463);
INSERT INTO [dbo].[GAME_REPORT] VALUES (24,14,14,21,464);
INSERT INTO [dbo].[GAME_REPORT] VALUES (24,15,16,40,465);
INSERT INTO [dbo].[GAME_REPORT] VALUES (24,16,5,28,466);
INSERT INTO [dbo].[GAME_REPORT] VALUES (24,17,25,7,467);
INSERT INTO [dbo].[GAME_REPORT] VALUES (24,18,16,7,468);
INSERT INTO [dbo].[GAME_REPORT] VALUES (24,19,15,29,469);
INSERT INTO [dbo].[GAME_REPORT] VALUES (24,20,9,9,470);
INSERT INTO [dbo].[GAME_REPORT] VALUES (24,1,1,10,471);
INSERT INTO [dbo].[GAME_REPORT] VALUES (24,22,1,12,472);
INSERT INTO [dbo].[GAME_REPORT] VALUES (24,3,1,14,473);
INSERT INTO [dbo].[GAME_REPORT] VALUES (24,4,9,9,474);
INSERT INTO [dbo].[GAME_REPORT] VALUES (24,5,17,8,475);
INSERT INTO [dbo].[GAME_REPORT] VALUES (24,6,5,40,476);
INSERT INTO [dbo].[GAME_REPORT] VALUES (24,7,14,40,477);
INSERT INTO [dbo].[GAME_REPORT] VALUES (24,8,7,20,478);
INSERT INTO [dbo].[GAME_REPORT] VALUES (24,9,23,22,479);
INSERT INTO [dbo].[GAME_REPORT] VALUES (24,10,23,25,480);
INSERT INTO [dbo].[GAME_REPORT] VALUES (25,21,12,29,481);
INSERT INTO [dbo].[GAME_REPORT] VALUES (25,2,16,27,482);
INSERT INTO [dbo].[GAME_REPORT] VALUES (25,13,12,18,483);
INSERT INTO [dbo].[GAME_REPORT] VALUES (25,24,17,14,484);
INSERT INTO [dbo].[GAME_REPORT] VALUES (25,25,19,16,485);
INSERT INTO [dbo].[GAME_REPORT] VALUES (25,26,8,10,486);
INSERT INTO [dbo].[GAME_REPORT] VALUES (25,27,21,9,487);
INSERT INTO [dbo].[GAME_REPORT] VALUES (25,28,8,28,488);
INSERT INTO [dbo].[GAME_REPORT] VALUES (25,29,14,40,489);
INSERT INTO [dbo].[GAME_REPORT] VALUES (25,30,2,9,490);
INSERT INTO [dbo].[GAME_REPORT] VALUES (25,1,1,17,491);
INSERT INTO [dbo].[GAME_REPORT] VALUES (25,22,8,23,492);
INSERT INTO [dbo].[GAME_REPORT] VALUES (25,3,25,19,493);
INSERT INTO [dbo].[GAME_REPORT] VALUES (25,4,2,21,494);
INSERT INTO [dbo].[GAME_REPORT] VALUES (25,5,1,40,495);
INSERT INTO [dbo].[GAME_REPORT] VALUES (25,6,1,28,496);
INSERT INTO [dbo].[GAME_REPORT] VALUES (25,7,8,7,497);
INSERT INTO [dbo].[GAME_REPORT] VALUES (25,8,11,7,498);
INSERT INTO [dbo].[GAME_REPORT] VALUES (25,9,8,29,499);
INSERT INTO [dbo].[GAME_REPORT] VALUES (25,10,20,9,500);
INSERT INTO [dbo].[GAME_REPORT] VALUES (26,21,2,40,501);
INSERT INTO [dbo].[GAME_REPORT] VALUES (26,2,18,12,502);
INSERT INTO [dbo].[GAME_REPORT] VALUES (26,13,22,15,503);
INSERT INTO [dbo].[GAME_REPORT] VALUES (26,24,7,29,504);
INSERT INTO [dbo].[GAME_REPORT] VALUES (26,25,6,34,505);
INSERT INTO [dbo].[GAME_REPORT] VALUES (26,26,20,9,506);
INSERT INTO [dbo].[GAME_REPORT] VALUES (26,27,13,9,507);
INSERT INTO [dbo].[GAME_REPORT] VALUES (26,28,5,15,508);
INSERT INTO [dbo].[GAME_REPORT] VALUES (26,29,12,18,509);
INSERT INTO [dbo].[GAME_REPORT] VALUES (26,30,13,19,510);
INSERT INTO [dbo].[GAME_REPORT] VALUES (26,1,24,29,511);
INSERT INTO [dbo].[GAME_REPORT] VALUES (26,22,15,27,512);
INSERT INTO [dbo].[GAME_REPORT] VALUES (26,3,20,18,513);
INSERT INTO [dbo].[GAME_REPORT] VALUES (26,4,9,14,514);
INSERT INTO [dbo].[GAME_REPORT] VALUES (26,5,7,16,515);
INSERT INTO [dbo].[GAME_REPORT] VALUES (26,6,13,10,516);
INSERT INTO [dbo].[GAME_REPORT] VALUES (26,7,9,9,517);
INSERT INTO [dbo].[GAME_REPORT] VALUES (26,8,22,28,518);
INSERT INTO [dbo].[GAME_REPORT] VALUES (26,9,18,40,519);
INSERT INTO [dbo].[GAME_REPORT] VALUES (26,10,19,9,520);
INSERT INTO [dbo].[GAME_REPORT] VALUES (27,21,10,40,521);
INSERT INTO [dbo].[GAME_REPORT] VALUES (27,2,4,12,522);
INSERT INTO [dbo].[GAME_REPORT] VALUES (27,13,14,15,523);
INSERT INTO [dbo].[GAME_REPORT] VALUES (27,24,1,29,524);
INSERT INTO [dbo].[GAME_REPORT] VALUES (27,25,18,34,525);
INSERT INTO [dbo].[GAME_REPORT] VALUES (27,26,5,9,526);
INSERT INTO [dbo].[GAME_REPORT] VALUES (27,27,22,9,527);
INSERT INTO [dbo].[GAME_REPORT] VALUES (27,28,23,15,528);
INSERT INTO [dbo].[GAME_REPORT] VALUES (27,29,5,18,529);
INSERT INTO [dbo].[GAME_REPORT] VALUES (27,30,23,19,530);
INSERT INTO [dbo].[GAME_REPORT] VALUES (27,11,22,40,531);
INSERT INTO [dbo].[GAME_REPORT] VALUES (27,12,6,12,532);
INSERT INTO [dbo].[GAME_REPORT] VALUES (27,23,25,15,533);
INSERT INTO [dbo].[GAME_REPORT] VALUES (27,14,21,29,534);
INSERT INTO [dbo].[GAME_REPORT] VALUES (27,15,21,34,535);
INSERT INTO [dbo].[GAME_REPORT] VALUES (27,16,22,9,536);
INSERT INTO [dbo].[GAME_REPORT] VALUES (27,17,4,9,537);
INSERT INTO [dbo].[GAME_REPORT] VALUES (27,18,14,15,538);
INSERT INTO [dbo].[GAME_REPORT] VALUES (27,19,25,18,539);
INSERT INTO [dbo].[GAME_REPORT] VALUES (27,20,1,19,540);
INSERT INTO [dbo].[GAME_REPORT] VALUES (28,21,1,17,541);
INSERT INTO [dbo].[GAME_REPORT] VALUES (28,2,1,23,542);
INSERT INTO [dbo].[GAME_REPORT] VALUES (28,13,21,19,543);
INSERT INTO [dbo].[GAME_REPORT] VALUES (28,24,6,21,544);
INSERT INTO [dbo].[GAME_REPORT] VALUES (28,25,21,40,545);
INSERT INTO [dbo].[GAME_REPORT] VALUES (28,26,8,28,546);
INSERT INTO [dbo].[GAME_REPORT] VALUES (28,27,16,7,547);
INSERT INTO [dbo].[GAME_REPORT] VALUES (28,28,24,7,548);
INSERT INTO [dbo].[GAME_REPORT] VALUES (28,29,7,29,549);
INSERT INTO [dbo].[GAME_REPORT] VALUES (28,30,1,9,550);
INSERT INTO [dbo].[GAME_REPORT] VALUES (28,31,13,40,551);
INSERT INTO [dbo].[GAME_REPORT] VALUES (28,32,13,12,552);
INSERT INTO [dbo].[GAME_REPORT] VALUES (28,33,12,15,553);
INSERT INTO [dbo].[GAME_REPORT] VALUES (28,34,19,29,554);
INSERT INTO [dbo].[GAME_REPORT] VALUES (28,35,20,34,555);
INSERT INTO [dbo].[GAME_REPORT] VALUES (28,36,1,9,556);
INSERT INTO [dbo].[GAME_REPORT] VALUES (28,37,16,9,557);
INSERT INTO [dbo].[GAME_REPORT] VALUES (28,38,24,15,558);
INSERT INTO [dbo].[GAME_REPORT] VALUES (28,39,1,18,559);
INSERT INTO [dbo].[GAME_REPORT] VALUES (28,40,1,19,560);
INSERT INTO [dbo].[GAME_REPORT] VALUES (29,31,14,40,561);
INSERT INTO [dbo].[GAME_REPORT] VALUES (29,32,4,12,562);
INSERT INTO [dbo].[GAME_REPORT] VALUES (29,33,24,15,563);
INSERT INTO [dbo].[GAME_REPORT] VALUES (29,34,25,29,564);
INSERT INTO [dbo].[GAME_REPORT] VALUES (29,35,9,34,565);
INSERT INTO [dbo].[GAME_REPORT] VALUES (29,36,2,9,566);
INSERT INTO [dbo].[GAME_REPORT] VALUES (29,37,11,9,567);
INSERT INTO [dbo].[GAME_REPORT] VALUES (29,38,20,15,568);
INSERT INTO [dbo].[GAME_REPORT] VALUES (29,39,1,18,569);
INSERT INTO [dbo].[GAME_REPORT] VALUES (29,40,0,19,570);
INSERT INTO [dbo].[GAME_REPORT] VALUES (29,11,11,17,571);
INSERT INTO [dbo].[GAME_REPORT] VALUES (29,12,7,23,572);
INSERT INTO [dbo].[GAME_REPORT] VALUES (29,23,8,19,573);
INSERT INTO [dbo].[GAME_REPORT] VALUES (29,14,18,21,574);
INSERT INTO [dbo].[GAME_REPORT] VALUES (29,15,4,40,575);
INSERT INTO [dbo].[GAME_REPORT] VALUES (29,16,0,28,576);
INSERT INTO [dbo].[GAME_REPORT] VALUES (29,17,1,7,577);
INSERT INTO [dbo].[GAME_REPORT] VALUES (29,18,8,7,578);
INSERT INTO [dbo].[GAME_REPORT] VALUES (29,19,12,29,579);
INSERT INTO [dbo].[GAME_REPORT] VALUES (29,20,4,9,580);
INSERT INTO [dbo].[GAME_REPORT] VALUES (30,31,2,10,581);
INSERT INTO [dbo].[GAME_REPORT] VALUES (30,32,2,12,582);
INSERT INTO [dbo].[GAME_REPORT] VALUES (30,33,2,14,583);
INSERT INTO [dbo].[GAME_REPORT] VALUES (30,34,3,9,584);
INSERT INTO [dbo].[GAME_REPORT] VALUES (30,35,7,8,585);
INSERT INTO [dbo].[GAME_REPORT] VALUES (30,36,9,40,586);
INSERT INTO [dbo].[GAME_REPORT] VALUES (30,37,17,40,587);
INSERT INTO [dbo].[GAME_REPORT] VALUES (30,38,1,20,588);
INSERT INTO [dbo].[GAME_REPORT] VALUES (30,39,24,22,589);
INSERT INTO [dbo].[GAME_REPORT] VALUES (30,40,3,25,590);
INSERT INTO [dbo].[GAME_REPORT] VALUES (30,21,23,17,591);
INSERT INTO [dbo].[GAME_REPORT] VALUES (30,2,10,23,592);
INSERT INTO [dbo].[GAME_REPORT] VALUES (30,13,20,19,593);
INSERT INTO [dbo].[GAME_REPORT] VALUES (30,24,2,21,594);
INSERT INTO [dbo].[GAME_REPORT] VALUES (30,25,7,40,595);
INSERT INTO [dbo].[GAME_REPORT] VALUES (30,26,17,28,596);
INSERT INTO [dbo].[GAME_REPORT] VALUES (30,27,3,7,597);
INSERT INTO [dbo].[GAME_REPORT] VALUES (30,28,5,7,598);
INSERT INTO [dbo].[GAME_REPORT] VALUES (30,29,1,29,599);
INSERT INTO [dbo].[GAME_REPORT] VALUES (30,30,2,9,600);
INSERT INTO [dbo].[GAME_REPORT] VALUES (31,31,2,9,601);
INSERT INTO [dbo].[GAME_REPORT] VALUES (31,32,2,17,602);
INSERT INTO [dbo].[GAME_REPORT] VALUES (31,33,7,23,603);
INSERT INTO [dbo].[GAME_REPORT] VALUES (31,34,2,19,604);
INSERT INTO [dbo].[GAME_REPORT] VALUES (31,35,0,21,605);
INSERT INTO [dbo].[GAME_REPORT] VALUES (31,36,4,40,606);
INSERT INTO [dbo].[GAME_REPORT] VALUES (31,37,17,28,607);
INSERT INTO [dbo].[GAME_REPORT] VALUES (31,38,2,7,608);
INSERT INTO [dbo].[GAME_REPORT] VALUES (31,39,15,7,609);
INSERT INTO [dbo].[GAME_REPORT] VALUES (31,40,18,29,610);
INSERT INTO [dbo].[GAME_REPORT] VALUES (31,21,20,9,611);
INSERT INTO [dbo].[GAME_REPORT] VALUES (31,2,6,10,612);
INSERT INTO [dbo].[GAME_REPORT] VALUES (31,13,12,12,613);
INSERT INTO [dbo].[GAME_REPORT] VALUES (31,24,20,14,614);
INSERT INTO [dbo].[GAME_REPORT] VALUES (31,25,9,9,615);
INSERT INTO [dbo].[GAME_REPORT] VALUES (31,26,3,8,616);
INSERT INTO [dbo].[GAME_REPORT] VALUES (31,27,9,40,617);
INSERT INTO [dbo].[GAME_REPORT] VALUES (31,28,2,40,618);
INSERT INTO [dbo].[GAME_REPORT] VALUES (31,29,2,20,619);
INSERT INTO [dbo].[GAME_REPORT] VALUES (31,30,7,22,620);
INSERT INTO [dbo].[GAME_REPORT] VALUES (32,31,20,25,621);
INSERT INTO [dbo].[GAME_REPORT] VALUES (32,32,2,40,622);
INSERT INTO [dbo].[GAME_REPORT] VALUES (32,33,19,12,623);
INSERT INTO [dbo].[GAME_REPORT] VALUES (32,34,13,15,624);
INSERT INTO [dbo].[GAME_REPORT] VALUES (32,35,5,29,625);
INSERT INTO [dbo].[GAME_REPORT] VALUES (32,36,15,34,626);
INSERT INTO [dbo].[GAME_REPORT] VALUES (32,37,21,9,627);
INSERT INTO [dbo].[GAME_REPORT] VALUES (32,38,6,9,628);
INSERT INTO [dbo].[GAME_REPORT] VALUES (32,39,15,15,629);
INSERT INTO [dbo].[GAME_REPORT] VALUES (32,40,18,18,630);
INSERT INTO [dbo].[GAME_REPORT] VALUES (32,1,6,19,631);
INSERT INTO [dbo].[GAME_REPORT] VALUES (32,22,17,23,632);
INSERT INTO [dbo].[GAME_REPORT] VALUES (32,3,10,19,633);
INSERT INTO [dbo].[GAME_REPORT] VALUES (32,4,12,21,634);
INSERT INTO [dbo].[GAME_REPORT] VALUES (32,5,18,40,635);
INSERT INTO [dbo].[GAME_REPORT] VALUES (32,6,13,28,636);
INSERT INTO [dbo].[GAME_REPORT] VALUES (32,7,2,7,637);
INSERT INTO [dbo].[GAME_REPORT] VALUES (32,8,2,7,638);
INSERT INTO [dbo].[GAME_REPORT] VALUES (32,9,2,29,639);
INSERT INTO [dbo].[GAME_REPORT] VALUES (32,10,2,9,640);
INSERT INTO [dbo].[GAME_REPORT] VALUES (33,41,17,40,641);
INSERT INTO [dbo].[GAME_REPORT] VALUES (33,42,24,12,642);
INSERT INTO [dbo].[GAME_REPORT] VALUES (33,43,14,15,643);
INSERT INTO [dbo].[GAME_REPORT] VALUES (33,44,8,29,644);
INSERT INTO [dbo].[GAME_REPORT] VALUES (33,45,1,34,645);
INSERT INTO [dbo].[GAME_REPORT] VALUES (33,46,24,9,646);
INSERT INTO [dbo].[GAME_REPORT] VALUES (33,47,11,9,647);
INSERT INTO [dbo].[GAME_REPORT] VALUES (33,48,21,15,648);
INSERT INTO [dbo].[GAME_REPORT] VALUES (33,49,25,18,649);
INSERT INTO [dbo].[GAME_REPORT] VALUES (33,50,5,19,650);
INSERT INTO [dbo].[GAME_REPORT] VALUES (33,51,25,17,651);
INSERT INTO [dbo].[GAME_REPORT] VALUES (33,52,10,23,652);
INSERT INTO [dbo].[GAME_REPORT] VALUES (33,53,22,19,653);
INSERT INTO [dbo].[GAME_REPORT] VALUES (33,54,22,21,654);
INSERT INTO [dbo].[GAME_REPORT] VALUES (33,55,0,40,655);
INSERT INTO [dbo].[GAME_REPORT] VALUES (33,56,18,28,656);
INSERT INTO [dbo].[GAME_REPORT] VALUES (33,57,20,7,657);
INSERT INTO [dbo].[GAME_REPORT] VALUES (33,58,23,7,658);
INSERT INTO [dbo].[GAME_REPORT] VALUES (33,59,2,29,659);
INSERT INTO [dbo].[GAME_REPORT] VALUES (33,60,2,9,660);
INSERT INTO [dbo].[GAME_REPORT] VALUES (34,41,2,17,661);
INSERT INTO [dbo].[GAME_REPORT] VALUES (34,42,2,23,662);
INSERT INTO [dbo].[GAME_REPORT] VALUES (34,43,11,19,663);
INSERT INTO [dbo].[GAME_REPORT] VALUES (34,44,25,21,664);
INSERT INTO [dbo].[GAME_REPORT] VALUES (34,45,14,40,665);
INSERT INTO [dbo].[GAME_REPORT] VALUES (34,46,20,28,666);
INSERT INTO [dbo].[GAME_REPORT] VALUES (34,47,19,7,667);
INSERT INTO [dbo].[GAME_REPORT] VALUES (34,48,4,7,668);
INSERT INTO [dbo].[GAME_REPORT] VALUES (34,49,12,29,669);
INSERT INTO [dbo].[GAME_REPORT] VALUES (34,50,11,9,670);
INSERT INTO [dbo].[GAME_REPORT] VALUES (34,61,22,10,671);
INSERT INTO [dbo].[GAME_REPORT] VALUES (34,62,19,12,672);
INSERT INTO [dbo].[GAME_REPORT] VALUES (34,63,22,14,673);
INSERT INTO [dbo].[GAME_REPORT] VALUES (34,64,2,9,674);
INSERT INTO [dbo].[GAME_REPORT] VALUES (34,65,6,8,675);
INSERT INTO [dbo].[GAME_REPORT] VALUES (34,66,6,40,676);
INSERT INTO [dbo].[GAME_REPORT] VALUES (34,67,19,40,677);
INSERT INTO [dbo].[GAME_REPORT] VALUES (34,68,17,20,678);
INSERT INTO [dbo].[GAME_REPORT] VALUES (34,69,21,22,679);
INSERT INTO [dbo].[GAME_REPORT] VALUES (34,70,17,25,680);
INSERT INTO [dbo].[GAME_REPORT] VALUES (35,41,5,40,681);
INSERT INTO [dbo].[GAME_REPORT] VALUES (35,42,23,12,682);
INSERT INTO [dbo].[GAME_REPORT] VALUES (35,43,23,15,683);
INSERT INTO [dbo].[GAME_REPORT] VALUES (35,44,11,29,684);
INSERT INTO [dbo].[GAME_REPORT] VALUES (35,45,1,34,685);
INSERT INTO [dbo].[GAME_REPORT] VALUES (35,46,0,9,686);
INSERT INTO [dbo].[GAME_REPORT] VALUES (35,47,16,9,687);
INSERT INTO [dbo].[GAME_REPORT] VALUES (35,48,2,15,688);
INSERT INTO [dbo].[GAME_REPORT] VALUES (35,49,2,18,689);
INSERT INTO [dbo].[GAME_REPORT] VALUES (35,50,2,19,690);
INSERT INTO [dbo].[GAME_REPORT] VALUES (35,71,3,17,691);
INSERT INTO [dbo].[GAME_REPORT] VALUES (35,72,16,23,692);
INSERT INTO [dbo].[GAME_REPORT] VALUES (35,73,1,19,693);
INSERT INTO [dbo].[GAME_REPORT] VALUES (35,74,14,21,694);
INSERT INTO [dbo].[GAME_REPORT] VALUES (35,75,0,40,695);
INSERT INTO [dbo].[GAME_REPORT] VALUES (35,76,23,28,696);
INSERT INTO [dbo].[GAME_REPORT] VALUES (35,77,25,7,697);
INSERT INTO [dbo].[GAME_REPORT] VALUES (35,78,19,7,698);
INSERT INTO [dbo].[GAME_REPORT] VALUES (35,79,12,29,699);
INSERT INTO [dbo].[GAME_REPORT] VALUES (35,80,24,9,700);
INSERT INTO [dbo].[GAME_REPORT] VALUES (36,41,18,18,701);
INSERT INTO [dbo].[GAME_REPORT] VALUES (36,42,16,22,702);
INSERT INTO [dbo].[GAME_REPORT] VALUES (36,43,12,10,703);
INSERT INTO [dbo].[GAME_REPORT] VALUES (36,44,9,30,704);
INSERT INTO [dbo].[GAME_REPORT] VALUES (36,45,16,40,705);
INSERT INTO [dbo].[GAME_REPORT] VALUES (36,46,16,0,706);
INSERT INTO [dbo].[GAME_REPORT] VALUES (36,47,2,0,707);
INSERT INTO [dbo].[GAME_REPORT] VALUES (36,48,20,40,708);
INSERT INTO [dbo].[GAME_REPORT] VALUES (36,49,2,10,709);
INSERT INTO [dbo].[GAME_REPORT] VALUES (36,50,2,30,710);
INSERT INTO [dbo].[GAME_REPORT] VALUES (36,71,2,17,711);
INSERT INTO [dbo].[GAME_REPORT] VALUES (36,72,0,23,712);
INSERT INTO [dbo].[GAME_REPORT] VALUES (36,73,15,19,713);
INSERT INTO [dbo].[GAME_REPORT] VALUES (36,74,3,21,714);
INSERT INTO [dbo].[GAME_REPORT] VALUES (36,75,19,40,715);
INSERT INTO [dbo].[GAME_REPORT] VALUES (36,76,23,28,716);
INSERT INTO [dbo].[GAME_REPORT] VALUES (36,77,0,7,717);
INSERT INTO [dbo].[GAME_REPORT] VALUES (36,78,9,7,718);
INSERT INTO [dbo].[GAME_REPORT] VALUES (36,79,6,29,719);
INSERT INTO [dbo].[GAME_REPORT] VALUES (36,80,25,9,720);
INSERT INTO [dbo].[GAME_REPORT] VALUES (37,51,8,30,721);
INSERT INTO [dbo].[GAME_REPORT] VALUES (37,52,20,12,722);
INSERT INTO [dbo].[GAME_REPORT] VALUES (37,53,6,14,723);
INSERT INTO [dbo].[GAME_REPORT] VALUES (37,54,7,28,724);
INSERT INTO [dbo].[GAME_REPORT] VALUES (37,55,23,5,725);
INSERT INTO [dbo].[GAME_REPORT] VALUES (37,56,23,19,726);
INSERT INTO [dbo].[GAME_REPORT] VALUES (37,57,9,13,727);
INSERT INTO [dbo].[GAME_REPORT] VALUES (37,58,2,23,728);
INSERT INTO [dbo].[GAME_REPORT] VALUES (37,59,2,39,729);
INSERT INTO [dbo].[GAME_REPORT] VALUES (37,60,11,17,730);
INSERT INTO [dbo].[GAME_REPORT] VALUES (37,61,8,40,731);
INSERT INTO [dbo].[GAME_REPORT] VALUES (37,62,16,12,732);
INSERT INTO [dbo].[GAME_REPORT] VALUES (37,63,0,15,733);
INSERT INTO [dbo].[GAME_REPORT] VALUES (37,64,6,29,734);
INSERT INTO [dbo].[GAME_REPORT] VALUES (37,65,7,34,735);
INSERT INTO [dbo].[GAME_REPORT] VALUES (37,66,21,9,736);
INSERT INTO [dbo].[GAME_REPORT] VALUES (37,67,25,9,737);
INSERT INTO [dbo].[GAME_REPORT] VALUES (37,68,10,15,738);
INSERT INTO [dbo].[GAME_REPORT] VALUES (37,69,4,18,739);
INSERT INTO [dbo].[GAME_REPORT] VALUES (37,70,18,19,740);
INSERT INTO [dbo].[GAME_REPORT] VALUES (38,51,24,17,741);
INSERT INTO [dbo].[GAME_REPORT] VALUES (38,52,3,23,742);
INSERT INTO [dbo].[GAME_REPORT] VALUES (38,53,25,19,743);
INSERT INTO [dbo].[GAME_REPORT] VALUES (38,54,25,21,744);
INSERT INTO [dbo].[GAME_REPORT] VALUES (38,55,20,40,745);
INSERT INTO [dbo].[GAME_REPORT] VALUES (38,56,5,28,746);
INSERT INTO [dbo].[GAME_REPORT] VALUES (38,57,8,7,747);
INSERT INTO [dbo].[GAME_REPORT] VALUES (38,58,19,7,748);
INSERT INTO [dbo].[GAME_REPORT] VALUES (38,59,4,29,749);
INSERT INTO [dbo].[GAME_REPORT] VALUES (38,60,3,9,750);
INSERT INTO [dbo].[GAME_REPORT] VALUES (38,61,18,10,751);
INSERT INTO [dbo].[GAME_REPORT] VALUES (38,62,2,12,752);
INSERT INTO [dbo].[GAME_REPORT] VALUES (38,63,2,14,753);
INSERT INTO [dbo].[GAME_REPORT] VALUES (38,64,20,9,754);
INSERT INTO [dbo].[GAME_REPORT] VALUES (38,65,5,8,755);
INSERT INTO [dbo].[GAME_REPORT] VALUES (38,66,3,40,756);
INSERT INTO [dbo].[GAME_REPORT] VALUES (38,67,13,40,757);
INSERT INTO [dbo].[GAME_REPORT] VALUES (38,68,14,20,758);
INSERT INTO [dbo].[GAME_REPORT] VALUES (38,69,17,22,759);
INSERT INTO [dbo].[GAME_REPORT] VALUES (38,70,10,25,760);
INSERT INTO [dbo].[GAME_REPORT] VALUES (39,51,2,40,761);
INSERT INTO [dbo].[GAME_REPORT] VALUES (39,52,12,12,762);
INSERT INTO [dbo].[GAME_REPORT] VALUES (39,53,2,15,763);
INSERT INTO [dbo].[GAME_REPORT] VALUES (39,54,25,29,764);
INSERT INTO [dbo].[GAME_REPORT] VALUES (39,55,9,34,765);
INSERT INTO [dbo].[GAME_REPORT] VALUES (39,56,23,9,766);
INSERT INTO [dbo].[GAME_REPORT] VALUES (39,57,25,9,767);
INSERT INTO [dbo].[GAME_REPORT] VALUES (39,58,4,15,768);
INSERT INTO [dbo].[GAME_REPORT] VALUES (39,59,1,18,769);
INSERT INTO [dbo].[GAME_REPORT] VALUES (39,60,20,19,770);
INSERT INTO [dbo].[GAME_REPORT] VALUES (39,41,9,17,771);
INSERT INTO [dbo].[GAME_REPORT] VALUES (39,42,2,23,772);
INSERT INTO [dbo].[GAME_REPORT] VALUES (39,43,2,19,773);
INSERT INTO [dbo].[GAME_REPORT] VALUES (39,44,2,21,774);
INSERT INTO [dbo].[GAME_REPORT] VALUES (39,45,20,40,775);
INSERT INTO [dbo].[GAME_REPORT] VALUES (39,46,2,28,776);
INSERT INTO [dbo].[GAME_REPORT] VALUES (39,47,19,7,777);
INSERT INTO [dbo].[GAME_REPORT] VALUES (39,48,19,7,778);
INSERT INTO [dbo].[GAME_REPORT] VALUES (39,49,13,29,779);
INSERT INTO [dbo].[GAME_REPORT] VALUES (39,50,8,9,780);
INSERT INTO [dbo].[GAME_REPORT] VALUES (40,51,20,10,781);
INSERT INTO [dbo].[GAME_REPORT] VALUES (40,52,7,12,782);
INSERT INTO [dbo].[GAME_REPORT] VALUES (40,53,15,14,783);
INSERT INTO [dbo].[GAME_REPORT] VALUES (40,54,19,9,784);
INSERT INTO [dbo].[GAME_REPORT] VALUES (40,55,22,8,785);
INSERT INTO [dbo].[GAME_REPORT] VALUES (40,56,25,40,786);
INSERT INTO [dbo].[GAME_REPORT] VALUES (40,57,10,40,787);
INSERT INTO [dbo].[GAME_REPORT] VALUES (40,58,24,20,788);
INSERT INTO [dbo].[GAME_REPORT] VALUES (40,59,24,22,789);
INSERT INTO [dbo].[GAME_REPORT] VALUES (40,60,21,25,790);
INSERT INTO [dbo].[GAME_REPORT] VALUES (40,71,6,17,791);
INSERT INTO [dbo].[GAME_REPORT] VALUES (40,72,2,23,792);
INSERT INTO [dbo].[GAME_REPORT] VALUES (40,73,2,19,793);
INSERT INTO [dbo].[GAME_REPORT] VALUES (40,74,2,21,794);
INSERT INTO [dbo].[GAME_REPORT] VALUES (40,75,5,40,795);
INSERT INTO [dbo].[GAME_REPORT] VALUES (40,76,25,28,796);
INSERT INTO [dbo].[GAME_REPORT] VALUES (40,77,13,7,797);
INSERT INTO [dbo].[GAME_REPORT] VALUES (40,78,25,7,798);
INSERT INTO [dbo].[GAME_REPORT] VALUES (40,79,11,29,799);
INSERT INTO [dbo].[GAME_REPORT] VALUES (40,80,17,9,800);
INSERT INTO [dbo].[GAME_REPORT] VALUES (41,61,9,18,801);
INSERT INTO [dbo].[GAME_REPORT] VALUES (41,62,15,22,802);
INSERT INTO [dbo].[GAME_REPORT] VALUES (41,63,4,10,803);
INSERT INTO [dbo].[GAME_REPORT] VALUES (41,64,9,30,804);
INSERT INTO [dbo].[GAME_REPORT] VALUES (41,65,20,40,805);
INSERT INTO [dbo].[GAME_REPORT] VALUES (41,66,25,0,806);
INSERT INTO [dbo].[GAME_REPORT] VALUES (41,67,17,0,807);
INSERT INTO [dbo].[GAME_REPORT] VALUES (41,68,5,40,808);
INSERT INTO [dbo].[GAME_REPORT] VALUES (41,69,2,10,809);
INSERT INTO [dbo].[GAME_REPORT] VALUES (41,70,2,30,810);
INSERT INTO [dbo].[GAME_REPORT] VALUES (41,41,2,17,811);
INSERT INTO [dbo].[GAME_REPORT] VALUES (41,42,2,23,812);
INSERT INTO [dbo].[GAME_REPORT] VALUES (41,43,13,19,813);
INSERT INTO [dbo].[GAME_REPORT] VALUES (41,44,15,21,814);
INSERT INTO [dbo].[GAME_REPORT] VALUES (41,45,24,40,815);
INSERT INTO [dbo].[GAME_REPORT] VALUES (41,46,12,28,816);
INSERT INTO [dbo].[GAME_REPORT] VALUES (41,47,15,7,817);
INSERT INTO [dbo].[GAME_REPORT] VALUES (41,48,7,7,818);
INSERT INTO [dbo].[GAME_REPORT] VALUES (41,49,1,29,819);
INSERT INTO [dbo].[GAME_REPORT] VALUES (41,50,24,9,820);
INSERT INTO [dbo].[GAME_REPORT] VALUES (42,61,14,30,821);
INSERT INTO [dbo].[GAME_REPORT] VALUES (42,62,0,12,822);
INSERT INTO [dbo].[GAME_REPORT] VALUES (42,63,17,14,823);
INSERT INTO [dbo].[GAME_REPORT] VALUES (42,64,14,28,824);
INSERT INTO [dbo].[GAME_REPORT] VALUES (42,65,22,5,825);
INSERT INTO [dbo].[GAME_REPORT] VALUES (42,66,18,19,826);
INSERT INTO [dbo].[GAME_REPORT] VALUES (42,67,16,13,827);
INSERT INTO [dbo].[GAME_REPORT] VALUES (42,68,17,23,828);
INSERT INTO [dbo].[GAME_REPORT] VALUES (42,69,11,39,829);
INSERT INTO [dbo].[GAME_REPORT] VALUES (42,70,14,17,830);
INSERT INTO [dbo].[GAME_REPORT] VALUES (42,51,30,18,831);
INSERT INTO [dbo].[GAME_REPORT] VALUES (42,52,25,22,832);
INSERT INTO [dbo].[GAME_REPORT] VALUES (42,53,0,10,833);
INSERT INTO [dbo].[GAME_REPORT] VALUES (42,54,0,30,834);
INSERT INTO [dbo].[GAME_REPORT] VALUES (42,55,24,40,835);
INSERT INTO [dbo].[GAME_REPORT] VALUES (42,56,18,0,836);
INSERT INTO [dbo].[GAME_REPORT] VALUES (42,57,11,0,837);
INSERT INTO [dbo].[GAME_REPORT] VALUES (42,58,25,40,838);
INSERT INTO [dbo].[GAME_REPORT] VALUES (42,59,4,10,839);
INSERT INTO [dbo].[GAME_REPORT] VALUES (42,60,4,30,840);
INSERT INTO [dbo].[GAME_REPORT] VALUES (43,61,2,17,841);
INSERT INTO [dbo].[GAME_REPORT] VALUES (43,62,5,23,842);
INSERT INTO [dbo].[GAME_REPORT] VALUES (43,63,19,19,843);
INSERT INTO [dbo].[GAME_REPORT] VALUES (43,64,5,21,844);
INSERT INTO [dbo].[GAME_REPORT] VALUES (43,65,8,40,845);
INSERT INTO [dbo].[GAME_REPORT] VALUES (43,66,11,28,846);
INSERT INTO [dbo].[GAME_REPORT] VALUES (43,67,14,7,847);
INSERT INTO [dbo].[GAME_REPORT] VALUES (43,68,17,7,848);
INSERT INTO [dbo].[GAME_REPORT] VALUES (43,69,15,29,849);
INSERT INTO [dbo].[GAME_REPORT] VALUES (43,70,15,9,850);
INSERT INTO [dbo].[GAME_REPORT] VALUES (43,71,3,30,851);
INSERT INTO [dbo].[GAME_REPORT] VALUES (43,72,23,12,852);
INSERT INTO [dbo].[GAME_REPORT] VALUES (43,73,25,14,853);
INSERT INTO [dbo].[GAME_REPORT] VALUES (43,74,21,28,854);
INSERT INTO [dbo].[GAME_REPORT] VALUES (43,75,23,5,855);
INSERT INTO [dbo].[GAME_REPORT] VALUES (43,76,11,19,856);
INSERT INTO [dbo].[GAME_REPORT] VALUES (43,77,9,13,857);
INSERT INTO [dbo].[GAME_REPORT] VALUES (43,78,25,23,858);
INSERT INTO [dbo].[GAME_REPORT] VALUES (43,79,4,39,859);
INSERT INTO [dbo].[GAME_REPORT] VALUES (43,80,4,17,860);
INSERT INTO [dbo].[GAME_REPORT] VALUES (44,61,10,40,861);
INSERT INTO [dbo].[GAME_REPORT] VALUES (44,62,17,12,862);
INSERT INTO [dbo].[GAME_REPORT] VALUES (44,63,13,15,863);
INSERT INTO [dbo].[GAME_REPORT] VALUES (44,64,20,29,864);
INSERT INTO [dbo].[GAME_REPORT] VALUES (44,65,2,34,865);
INSERT INTO [dbo].[GAME_REPORT] VALUES (44,66,16,9,866);
INSERT INTO [dbo].[GAME_REPORT] VALUES (44,67,9,9,867);
INSERT INTO [dbo].[GAME_REPORT] VALUES (44,68,7,15,868);
INSERT INTO [dbo].[GAME_REPORT] VALUES (44,69,16,18,869);
INSERT INTO [dbo].[GAME_REPORT] VALUES (44,70,24,19,870);
INSERT INTO [dbo].[GAME_REPORT] VALUES (44,71,21,17,871);
INSERT INTO [dbo].[GAME_REPORT] VALUES (44,72,20,23,872);
INSERT INTO [dbo].[GAME_REPORT] VALUES (44,73,5,19,873);
INSERT INTO [dbo].[GAME_REPORT] VALUES (44,74,23,21,874);
INSERT INTO [dbo].[GAME_REPORT] VALUES (44,75,12,40,875);
INSERT INTO [dbo].[GAME_REPORT] VALUES (44,76,12,28,876);
INSERT INTO [dbo].[GAME_REPORT] VALUES (44,77,5,7,877);
INSERT INTO [dbo].[GAME_REPORT] VALUES (44,78,13,7,878);
INSERT INTO [dbo].[GAME_REPORT] VALUES (44,79,17,29,879);
INSERT INTO [dbo].[GAME_REPORT] VALUES (44,80,14,9,880);
INSERT INTO [dbo].[GAME_REPORT] VALUES (45,71,9,10,881);
INSERT INTO [dbo].[GAME_REPORT] VALUES (45,72,12,12,882);
INSERT INTO [dbo].[GAME_REPORT] VALUES (45,73,19,14,883);
INSERT INTO [dbo].[GAME_REPORT] VALUES (45,74,7,9,884);
INSERT INTO [dbo].[GAME_REPORT] VALUES (45,75,12,8,885);
INSERT INTO [dbo].[GAME_REPORT] VALUES (45,76,3,40,886);
INSERT INTO [dbo].[GAME_REPORT] VALUES (45,77,22,40,887);
INSERT INTO [dbo].[GAME_REPORT] VALUES (45,78,22,20,888);
INSERT INTO [dbo].[GAME_REPORT] VALUES (45,79,12,22,889);
INSERT INTO [dbo].[GAME_REPORT] VALUES (45,80,8,25,890);
INSERT INTO [dbo].[GAME_REPORT] VALUES (45,41,22,18,891);
INSERT INTO [dbo].[GAME_REPORT] VALUES (45,42,23,22,892);
INSERT INTO [dbo].[GAME_REPORT] VALUES (45,43,1,10,893);
INSERT INTO [dbo].[GAME_REPORT] VALUES (45,44,0,30,894);
INSERT INTO [dbo].[GAME_REPORT] VALUES (45,45,11,40,895);
INSERT INTO [dbo].[GAME_REPORT] VALUES (45,46,15,0,896);
INSERT INTO [dbo].[GAME_REPORT] VALUES (45,47,1,0,897);
INSERT INTO [dbo].[GAME_REPORT] VALUES (45,48,5,40,898);
INSERT INTO [dbo].[GAME_REPORT] VALUES (45,49,21,10,899);
INSERT INTO [dbo].[GAME_REPORT] VALUES (45,50,18,30,900);
INSERT INTO [dbo].[GAME_REPORT] VALUES (46,71,5,17,901);
INSERT INTO [dbo].[GAME_REPORT] VALUES (46,72,0,23,902);
INSERT INTO [dbo].[GAME_REPORT] VALUES (46,73,8,19,903);
INSERT INTO [dbo].[GAME_REPORT] VALUES (46,74,24,21,904);
INSERT INTO [dbo].[GAME_REPORT] VALUES (46,75,6,40,905);
INSERT INTO [dbo].[GAME_REPORT] VALUES (46,76,5,28,906);
INSERT INTO [dbo].[GAME_REPORT] VALUES (46,77,5,7,907);
INSERT INTO [dbo].[GAME_REPORT] VALUES (46,78,0,7,908);
INSERT INTO [dbo].[GAME_REPORT] VALUES (46,79,10,29,909);
INSERT INTO [dbo].[GAME_REPORT] VALUES (46,80,7,9,910);
INSERT INTO [dbo].[GAME_REPORT] VALUES (46,41,16,30,911);
INSERT INTO [dbo].[GAME_REPORT] VALUES (46,42,9,12,912);
INSERT INTO [dbo].[GAME_REPORT] VALUES (46,43,3,14,913);
INSERT INTO [dbo].[GAME_REPORT] VALUES (46,44,18,28,914);
INSERT INTO [dbo].[GAME_REPORT] VALUES (46,45,16,5,915);
INSERT INTO [dbo].[GAME_REPORT] VALUES (46,46,13,19,916);
INSERT INTO [dbo].[GAME_REPORT] VALUES (46,47,7,13,917);
INSERT INTO [dbo].[GAME_REPORT] VALUES (46,48,21,23,918);
INSERT INTO [dbo].[GAME_REPORT] VALUES (46,49,15,39,919);
INSERT INTO [dbo].[GAME_REPORT] VALUES (46,50,16,17,920);
INSERT INTO [dbo].[GAME_REPORT] VALUES (47,71,5,40,921);
INSERT INTO [dbo].[GAME_REPORT] VALUES (47,72,10,12,922);
INSERT INTO [dbo].[GAME_REPORT] VALUES (47,73,10,15,923);
INSERT INTO [dbo].[GAME_REPORT] VALUES (47,74,1,29,924);
INSERT INTO [dbo].[GAME_REPORT] VALUES (47,75,15,34,925);
INSERT INTO [dbo].[GAME_REPORT] VALUES (47,76,23,9,926);
INSERT INTO [dbo].[GAME_REPORT] VALUES (47,77,14,9,927);
INSERT INTO [dbo].[GAME_REPORT] VALUES (47,78,15,15,928);
INSERT INTO [dbo].[GAME_REPORT] VALUES (47,79,16,18,929);
INSERT INTO [dbo].[GAME_REPORT] VALUES (47,80,7,19,930);
INSERT INTO [dbo].[GAME_REPORT] VALUES (47,51,5,17,931);
INSERT INTO [dbo].[GAME_REPORT] VALUES (47,52,12,23,932);
INSERT INTO [dbo].[GAME_REPORT] VALUES (47,53,6,19,933);
INSERT INTO [dbo].[GAME_REPORT] VALUES (47,54,11,21,934);
INSERT INTO [dbo].[GAME_REPORT] VALUES (47,55,25,40,935);
INSERT INTO [dbo].[GAME_REPORT] VALUES (47,56,13,28,936);
INSERT INTO [dbo].[GAME_REPORT] VALUES (47,57,16,7,937);
INSERT INTO [dbo].[GAME_REPORT] VALUES (47,58,20,7,938);
INSERT INTO [dbo].[GAME_REPORT] VALUES (47,59,25,29,939);
INSERT INTO [dbo].[GAME_REPORT] VALUES (47,60,4,9,940);
INSERT INTO [dbo].[GAME_REPORT] VALUES (48,71,25,10,941);
INSERT INTO [dbo].[GAME_REPORT] VALUES (48,72,6,12,942);
INSERT INTO [dbo].[GAME_REPORT] VALUES (48,73,13,14,943);
INSERT INTO [dbo].[GAME_REPORT] VALUES (48,74,15,9,944);
INSERT INTO [dbo].[GAME_REPORT] VALUES (48,75,6,8,945);
INSERT INTO [dbo].[GAME_REPORT] VALUES (48,76,13,40,946);
INSERT INTO [dbo].[GAME_REPORT] VALUES (48,77,0,40,947);
INSERT INTO [dbo].[GAME_REPORT] VALUES (48,78,9,20,948);
INSERT INTO [dbo].[GAME_REPORT] VALUES (48,79,25,22,949);
INSERT INTO [dbo].[GAME_REPORT] VALUES (48,80,21,25,950);
INSERT INTO [dbo].[GAME_REPORT] VALUES (48,61,6,18,951);
INSERT INTO [dbo].[GAME_REPORT] VALUES (48,62,10,22,952);
INSERT INTO [dbo].[GAME_REPORT] VALUES (48,63,11,10,953);
INSERT INTO [dbo].[GAME_REPORT] VALUES (48,64,21,30,954);
INSERT INTO [dbo].[GAME_REPORT] VALUES (48,65,25,40,955);
INSERT INTO [dbo].[GAME_REPORT] VALUES (48,66,16,0,956);
INSERT INTO [dbo].[GAME_REPORT] VALUES (48,67,0,0,957);
INSERT INTO [dbo].[GAME_REPORT] VALUES (48,68,15,40,958);
INSERT INTO [dbo].[GAME_REPORT] VALUES (48,69,12,10,959);
INSERT INTO [dbo].[GAME_REPORT] VALUES (48,70,16,30,960);
INSERT INTO [dbo].[GAME_REPORT] VALUES (49,41,15,17,961);
INSERT INTO [dbo].[GAME_REPORT] VALUES (49,42,4,23,962);
INSERT INTO [dbo].[GAME_REPORT] VALUES (49,43,19,19,963);
INSERT INTO [dbo].[GAME_REPORT] VALUES (49,44,0,21,964);
INSERT INTO [dbo].[GAME_REPORT] VALUES (49,45,1,40,965);
INSERT INTO [dbo].[GAME_REPORT] VALUES (49,46,22,28,966);
INSERT INTO [dbo].[GAME_REPORT] VALUES (49,47,22,7,967);
INSERT INTO [dbo].[GAME_REPORT] VALUES (49,48,25,7,968);
INSERT INTO [dbo].[GAME_REPORT] VALUES (49,49,6,29,969);
INSERT INTO [dbo].[GAME_REPORT] VALUES (49,60,2,9,970);
INSERT INTO [dbo].[GAME_REPORT] VALUES (49,51,7,10,971);
INSERT INTO [dbo].[GAME_REPORT] VALUES (49,52,9,12,972);
INSERT INTO [dbo].[GAME_REPORT] VALUES (49,53,20,14,973);
INSERT INTO [dbo].[GAME_REPORT] VALUES (49,54,24,9,974);
INSERT INTO [dbo].[GAME_REPORT] VALUES (49,55,1,8,975);
INSERT INTO [dbo].[GAME_REPORT] VALUES (49,56,5,40,976);
INSERT INTO [dbo].[GAME_REPORT] VALUES (49,57,19,40,977);
INSERT INTO [dbo].[GAME_REPORT] VALUES (49,58,15,20,978);
INSERT INTO [dbo].[GAME_REPORT] VALUES (49,59,22,22,979);
INSERT INTO [dbo].[GAME_REPORT] VALUES (49,50,15,25,980);
INSERT INTO [dbo].[GAME_REPORT] VALUES (50,41,2,40,981);
INSERT INTO [dbo].[GAME_REPORT] VALUES (50,42,8,12,982);
INSERT INTO [dbo].[GAME_REPORT] VALUES (50,43,1,15,983);
INSERT INTO [dbo].[GAME_REPORT] VALUES (50,44,21,29,984);
INSERT INTO [dbo].[GAME_REPORT] VALUES (50,45,14,34,985);
INSERT INTO [dbo].[GAME_REPORT] VALUES (50,46,12,9,986);
INSERT INTO [dbo].[GAME_REPORT] VALUES (50,47,25,9,987);
INSERT INTO [dbo].[GAME_REPORT] VALUES (50,48,22,15,988);
INSERT INTO [dbo].[GAME_REPORT] VALUES (50,49,20,18,989);
INSERT INTO [dbo].[GAME_REPORT] VALUES (50,60,5,19,990);
INSERT INTO [dbo].[GAME_REPORT] VALUES (50,51,20,17,991);
INSERT INTO [dbo].[GAME_REPORT] VALUES (50,52,15,23,992);
INSERT INTO [dbo].[GAME_REPORT] VALUES (50,53,17,19,993);
INSERT INTO [dbo].[GAME_REPORT] VALUES (50,54,11,21,994);
INSERT INTO [dbo].[GAME_REPORT] VALUES (50,55,3,40,995);
INSERT INTO [dbo].[GAME_REPORT] VALUES (50,56,21,28,996);
INSERT INTO [dbo].[GAME_REPORT] VALUES (50,57,9,7,997);
INSERT INTO [dbo].[GAME_REPORT] VALUES (50,58,19,7,998);
INSERT INTO [dbo].[GAME_REPORT] VALUES (50,59,13,29,999);
INSERT INTO [dbo].[GAME_REPORT] VALUES (50,50,15,9,1000);
INSERT INTO [dbo].[GAME_REPORT] VALUES (51,41,23,10,1001);
INSERT INTO [dbo].[GAME_REPORT] VALUES (51,42,5,12,1002);
INSERT INTO [dbo].[GAME_REPORT] VALUES (51,43,10,14,1003);
INSERT INTO [dbo].[GAME_REPORT] VALUES (51,44,5,9,1004);
INSERT INTO [dbo].[GAME_REPORT] VALUES (51,45,11,8,1005);
INSERT INTO [dbo].[GAME_REPORT] VALUES (51,46,23,40,1006);
INSERT INTO [dbo].[GAME_REPORT] VALUES (51,47,9,40,1007);
INSERT INTO [dbo].[GAME_REPORT] VALUES (51,48,23,20,1008);
INSERT INTO [dbo].[GAME_REPORT] VALUES (51,49,8,22,1009);
INSERT INTO [dbo].[GAME_REPORT] VALUES (51,60,4,25,1010);
INSERT INTO [dbo].[GAME_REPORT] VALUES (51,61,16,18,1011);
INSERT INTO [dbo].[GAME_REPORT] VALUES (51,62,17,22,1012);
INSERT INTO [dbo].[GAME_REPORT] VALUES (51,63,0,10,1013);
INSERT INTO [dbo].[GAME_REPORT] VALUES (51,64,13,30,1014);
INSERT INTO [dbo].[GAME_REPORT] VALUES (51,75,20,40,1015);
INSERT INTO [dbo].[GAME_REPORT] VALUES (51,66,22,0,1016);
INSERT INTO [dbo].[GAME_REPORT] VALUES (51,67,21,0,1017);
INSERT INTO [dbo].[GAME_REPORT] VALUES (51,68,21,40,1018);
INSERT INTO [dbo].[GAME_REPORT] VALUES (51,69,15,10,1019);
INSERT INTO [dbo].[GAME_REPORT] VALUES (51,70,14,30,1020);
INSERT INTO [dbo].[GAME_REPORT] VALUES (52,41,22,18,1021);
INSERT INTO [dbo].[GAME_REPORT] VALUES (52,42,8,22,1022);
INSERT INTO [dbo].[GAME_REPORT] VALUES (52,43,13,10,1023);
INSERT INTO [dbo].[GAME_REPORT] VALUES (52,44,10,30,1024);
INSERT INTO [dbo].[GAME_REPORT] VALUES (52,45,18,40,1025);
INSERT INTO [dbo].[GAME_REPORT] VALUES (52,46,18,0,1026);
INSERT INTO [dbo].[GAME_REPORT] VALUES (52,47,9,0,1027);
INSERT INTO [dbo].[GAME_REPORT] VALUES (52,48,24,40,1028);
INSERT INTO [dbo].[GAME_REPORT] VALUES (52,49,9,10,1029);
INSERT INTO [dbo].[GAME_REPORT] VALUES (52,60,0,30,1030);
INSERT INTO [dbo].[GAME_REPORT] VALUES (52,71,17,17,1031);
INSERT INTO [dbo].[GAME_REPORT] VALUES (52,72,4,23,1032);
INSERT INTO [dbo].[GAME_REPORT] VALUES (52,73,4,19,1033);
INSERT INTO [dbo].[GAME_REPORT] VALUES (52,74,5,21,1034);
INSERT INTO [dbo].[GAME_REPORT] VALUES (52,65,0,40,1035);
INSERT INTO [dbo].[GAME_REPORT] VALUES (52,76,9,28,1036);
INSERT INTO [dbo].[GAME_REPORT] VALUES (52,77,20,7,1037);
INSERT INTO [dbo].[GAME_REPORT] VALUES (52,78,8,7,1038);
INSERT INTO [dbo].[GAME_REPORT] VALUES (52,79,8,29,1039);
INSERT INTO [dbo].[GAME_REPORT] VALUES (52,80,16,9,1040);
INSERT INTO [dbo].[GAME_REPORT] VALUES (53,51,18,30,1041);
INSERT INTO [dbo].[GAME_REPORT] VALUES (53,52,4,12,1042);
INSERT INTO [dbo].[GAME_REPORT] VALUES (53,53,10,14,1043);
INSERT INTO [dbo].[GAME_REPORT] VALUES (53,54,10,28,1044);
INSERT INTO [dbo].[GAME_REPORT] VALUES (53,55,3,5,1045);
INSERT INTO [dbo].[GAME_REPORT] VALUES (53,56,11,19,1046);
INSERT INTO [dbo].[GAME_REPORT] VALUES (53,57,1,13,1047);
INSERT INTO [dbo].[GAME_REPORT] VALUES (53,58,23,23,1048);
INSERT INTO [dbo].[GAME_REPORT] VALUES (53,59,14,39,1049);
INSERT INTO [dbo].[GAME_REPORT] VALUES (53,50,8,17,1050);
INSERT INTO [dbo].[GAME_REPORT] VALUES (53,71,0,40,1051);
INSERT INTO [dbo].[GAME_REPORT] VALUES (53,72,21,12,1052);
INSERT INTO [dbo].[GAME_REPORT] VALUES (53,73,22,15,1053);
INSERT INTO [dbo].[GAME_REPORT] VALUES (53,74,4,29,1054);
INSERT INTO [dbo].[GAME_REPORT] VALUES (53,65,20,34,1055);
INSERT INTO [dbo].[GAME_REPORT] VALUES (53,76,11,9,1056);
INSERT INTO [dbo].[GAME_REPORT] VALUES (53,77,21,9,1057);
INSERT INTO [dbo].[GAME_REPORT] VALUES (53,78,0,15,1058);
INSERT INTO [dbo].[GAME_REPORT] VALUES (53,79,5,18,1059);
INSERT INTO [dbo].[GAME_REPORT] VALUES (53,80,18,19,1060);
INSERT INTO [dbo].[GAME_REPORT] VALUES (54,51,20,30,1061);
INSERT INTO [dbo].[GAME_REPORT] VALUES (54,52,20,12,1062);
INSERT INTO [dbo].[GAME_REPORT] VALUES (54,53,21,14,1063);
INSERT INTO [dbo].[GAME_REPORT] VALUES (54,54,1,28,1064);
INSERT INTO [dbo].[GAME_REPORT] VALUES (54,55,20,5,1065);
INSERT INTO [dbo].[GAME_REPORT] VALUES (54,56,23,19,1066);
INSERT INTO [dbo].[GAME_REPORT] VALUES (54,57,23,13,1067);
INSERT INTO [dbo].[GAME_REPORT] VALUES (54,58,10,23,1068);
INSERT INTO [dbo].[GAME_REPORT] VALUES (54,59,14,39,1069);
INSERT INTO [dbo].[GAME_REPORT] VALUES (54,50,23,17,1070);
INSERT INTO [dbo].[GAME_REPORT] VALUES (54,71,3,40,1071);
INSERT INTO [dbo].[GAME_REPORT] VALUES (54,72,17,12,1072);
INSERT INTO [dbo].[GAME_REPORT] VALUES (54,73,2,15,1073);
INSERT INTO [dbo].[GAME_REPORT] VALUES (54,74,22,29,1074);
INSERT INTO [dbo].[GAME_REPORT] VALUES (54,65,7,34,1075);
INSERT INTO [dbo].[GAME_REPORT] VALUES (54,76,8,9,1076);
INSERT INTO [dbo].[GAME_REPORT] VALUES (54,77,25,9,1077);
INSERT INTO [dbo].[GAME_REPORT] VALUES (54,78,4,15,1078);
INSERT INTO [dbo].[GAME_REPORT] VALUES (54,79,3,18,1079);
INSERT INTO [dbo].[GAME_REPORT] VALUES (54,80,13,19,1080);
INSERT INTO [dbo].[GAME_REPORT] VALUES (55,51,13,17,1081);
INSERT INTO [dbo].[GAME_REPORT] VALUES (55,52,1,23,1082);
INSERT INTO [dbo].[GAME_REPORT] VALUES (55,53,22,19,1083);
INSERT INTO [dbo].[GAME_REPORT] VALUES (55,54,18,21,1084);
INSERT INTO [dbo].[GAME_REPORT] VALUES (55,55,9,40,1085);
INSERT INTO [dbo].[GAME_REPORT] VALUES (55,56,20,28,1086);
INSERT INTO [dbo].[GAME_REPORT] VALUES (55,57,0,7,1087);
INSERT INTO [dbo].[GAME_REPORT] VALUES (55,58,7,7,1088);
INSERT INTO [dbo].[GAME_REPORT] VALUES (55,59,1,29,1089);
INSERT INTO [dbo].[GAME_REPORT] VALUES (55,50,5,9,1090);
INSERT INTO [dbo].[GAME_REPORT] VALUES (55,61,14,10,1091);
INSERT INTO [dbo].[GAME_REPORT] VALUES (55,62,1,12,1092);
INSERT INTO [dbo].[GAME_REPORT] VALUES (55,63,24,14,1093);
INSERT INTO [dbo].[GAME_REPORT] VALUES (55,64,2,9,1094);
INSERT INTO [dbo].[GAME_REPORT] VALUES (55,75,6,8,1095);
INSERT INTO [dbo].[GAME_REPORT] VALUES (55,66,24,40,1096);
INSERT INTO [dbo].[GAME_REPORT] VALUES (55,67,17,40,1097);
INSERT INTO [dbo].[GAME_REPORT] VALUES (55,68,2,20,1098);
INSERT INTO [dbo].[GAME_REPORT] VALUES (55,69,21,22,1099);
INSERT INTO [dbo].[GAME_REPORT] VALUES (55,70,4,25,1100);
INSERT INTO [dbo].[GAME_REPORT] VALUES (56,51,1,17,1101);
INSERT INTO [dbo].[GAME_REPORT] VALUES (56,52,18,23,1102);
INSERT INTO [dbo].[GAME_REPORT] VALUES (56,53,19,19,1103);
INSERT INTO [dbo].[GAME_REPORT] VALUES (56,54,0,21,1104);
INSERT INTO [dbo].[GAME_REPORT] VALUES (56,55,7,40,1105);
INSERT INTO [dbo].[GAME_REPORT] VALUES (56,56,8,28,1106);
INSERT INTO [dbo].[GAME_REPORT] VALUES (56,57,17,7,1107);
INSERT INTO [dbo].[GAME_REPORT] VALUES (56,58,8,7,1108);
INSERT INTO [dbo].[GAME_REPORT] VALUES (56,59,23,29,1109);
INSERT INTO [dbo].[GAME_REPORT] VALUES (56,50,6,9,1110);
INSERT INTO [dbo].[GAME_REPORT] VALUES (56,41,11,18,1111);
INSERT INTO [dbo].[GAME_REPORT] VALUES (56,42,16,22,1112);
INSERT INTO [dbo].[GAME_REPORT] VALUES (56,43,11,10,1113);
INSERT INTO [dbo].[GAME_REPORT] VALUES (56,44,24,30,1114);
INSERT INTO [dbo].[GAME_REPORT] VALUES (56,45,20,40,1115);
INSERT INTO [dbo].[GAME_REPORT] VALUES (56,46,7,0,1116);
INSERT INTO [dbo].[GAME_REPORT] VALUES (56,47,23,0,1117);
INSERT INTO [dbo].[GAME_REPORT] VALUES (56,48,11,40,1118);
INSERT INTO [dbo].[GAME_REPORT] VALUES (56,49,16,10,1119);
INSERT INTO [dbo].[GAME_REPORT] VALUES (56,60,1,30,1120);
INSERT INTO [dbo].[GAME_REPORT] VALUES (57,61,16,17,1121);
INSERT INTO [dbo].[GAME_REPORT] VALUES (57,62,2,23,1122);
INSERT INTO [dbo].[GAME_REPORT] VALUES (57,63,10,19,1123);
INSERT INTO [dbo].[GAME_REPORT] VALUES (57,64,19,21,1124);
INSERT INTO [dbo].[GAME_REPORT] VALUES (57,75,7,40,1125);
INSERT INTO [dbo].[GAME_REPORT] VALUES (57,66,24,28,1126);
INSERT INTO [dbo].[GAME_REPORT] VALUES (57,67,0,7,1127);
INSERT INTO [dbo].[GAME_REPORT] VALUES (57,68,5,7,1128);
INSERT INTO [dbo].[GAME_REPORT] VALUES (57,69,23,29,1129);
INSERT INTO [dbo].[GAME_REPORT] VALUES (57,70,11,9,1130);
INSERT INTO [dbo].[GAME_REPORT] VALUES (57,41,24,30,1131);
INSERT INTO [dbo].[GAME_REPORT] VALUES (57,42,17,12,1132);
INSERT INTO [dbo].[GAME_REPORT] VALUES (57,43,20,14,1133);
INSERT INTO [dbo].[GAME_REPORT] VALUES (57,44,24,28,1134);
INSERT INTO [dbo].[GAME_REPORT] VALUES (57,45,17,5,1135);
INSERT INTO [dbo].[GAME_REPORT] VALUES (57,46,16,19,1136);
INSERT INTO [dbo].[GAME_REPORT] VALUES (57,47,21,13,1137);
INSERT INTO [dbo].[GAME_REPORT] VALUES (57,48,17,23,1138);
INSERT INTO [dbo].[GAME_REPORT] VALUES (57,49,20,39,1139);
INSERT INTO [dbo].[GAME_REPORT] VALUES (57,60,17,17,1140);
INSERT INTO [dbo].[GAME_REPORT] VALUES (58,61,18,40,1141);
INSERT INTO [dbo].[GAME_REPORT] VALUES (58,62,3,12,1142);
INSERT INTO [dbo].[GAME_REPORT] VALUES (58,63,5,15,1143);
INSERT INTO [dbo].[GAME_REPORT] VALUES (58,64,20,29,1144);
INSERT INTO [dbo].[GAME_REPORT] VALUES (58,75,25,34,1145);
INSERT INTO [dbo].[GAME_REPORT] VALUES (58,66,17,9,1146);
INSERT INTO [dbo].[GAME_REPORT] VALUES (58,67,15,9,1147);
INSERT INTO [dbo].[GAME_REPORT] VALUES (58,68,13,15,1148);
INSERT INTO [dbo].[GAME_REPORT] VALUES (58,69,1,18,1149);
INSERT INTO [dbo].[GAME_REPORT] VALUES (58,70,22,19,1150);
INSERT INTO [dbo].[GAME_REPORT] VALUES (58,41,1,30,1151);
INSERT INTO [dbo].[GAME_REPORT] VALUES (58,42,10,12,1152);
INSERT INTO [dbo].[GAME_REPORT] VALUES (58,43,2,14,1153);
INSERT INTO [dbo].[GAME_REPORT] VALUES (58,44,3,28,1154);
INSERT INTO [dbo].[GAME_REPORT] VALUES (58,45,8,5,1155);
INSERT INTO [dbo].[GAME_REPORT] VALUES (58,46,4,19,1156);
INSERT INTO [dbo].[GAME_REPORT] VALUES (58,47,9,13,1157);
INSERT INTO [dbo].[GAME_REPORT] VALUES (58,48,20,23,1158);
INSERT INTO [dbo].[GAME_REPORT] VALUES (58,49,24,39,1159);
INSERT INTO [dbo].[GAME_REPORT] VALUES (58,60,15,17,1160);
INSERT INTO [dbo].[GAME_REPORT] VALUES (59,61,6,40,1161);
INSERT INTO [dbo].[GAME_REPORT] VALUES (59,62,18,12,1162);
INSERT INTO [dbo].[GAME_REPORT] VALUES (59,63,4,15,1163);
INSERT INTO [dbo].[GAME_REPORT] VALUES (59,64,7,29,1164);
INSERT INTO [dbo].[GAME_REPORT] VALUES (59,75,8,34,1165);
INSERT INTO [dbo].[GAME_REPORT] VALUES (59,66,8,9,1166);
INSERT INTO [dbo].[GAME_REPORT] VALUES (59,67,1,9,1167);
INSERT INTO [dbo].[GAME_REPORT] VALUES (59,68,25,15,1168);
INSERT INTO [dbo].[GAME_REPORT] VALUES (59,69,25,18,1169);
INSERT INTO [dbo].[GAME_REPORT] VALUES (59,70,25,19,1170);
INSERT INTO [dbo].[GAME_REPORT] VALUES (59,51,10,30,1171);
INSERT INTO [dbo].[GAME_REPORT] VALUES (59,52,1,12,1172);
INSERT INTO [dbo].[GAME_REPORT] VALUES (59,53,17,14,1173);
INSERT INTO [dbo].[GAME_REPORT] VALUES (59,54,22,28,1174);
INSERT INTO [dbo].[GAME_REPORT] VALUES (59,55,21,5,1175);
INSERT INTO [dbo].[GAME_REPORT] VALUES (59,56,7,19,1176);
INSERT INTO [dbo].[GAME_REPORT] VALUES (59,57,10,13,1177);
INSERT INTO [dbo].[GAME_REPORT] VALUES (59,58,11,23,1178);
INSERT INTO [dbo].[GAME_REPORT] VALUES (59,59,9,39,1179);
INSERT INTO [dbo].[GAME_REPORT] VALUES (59,50,23,17,1180);
INSERT INTO [dbo].[GAME_REPORT] VALUES (60,61,20,18,1181);
INSERT INTO [dbo].[GAME_REPORT] VALUES (60,62,5,22,1182);
INSERT INTO [dbo].[GAME_REPORT] VALUES (60,63,4,10,1183);
INSERT INTO [dbo].[GAME_REPORT] VALUES (60,64,8,30,1184);
INSERT INTO [dbo].[GAME_REPORT] VALUES (60,75,8,40,1185);
INSERT INTO [dbo].[GAME_REPORT] VALUES (60,66,2,0,1186);
INSERT INTO [dbo].[GAME_REPORT] VALUES (60,67,11,0,1187);
INSERT INTO [dbo].[GAME_REPORT] VALUES (60,68,24,40,1188);
INSERT INTO [dbo].[GAME_REPORT] VALUES (60,69,5,10,1189);
INSERT INTO [dbo].[GAME_REPORT] VALUES (60,70,3,30,1190);
INSERT INTO [dbo].[GAME_REPORT] VALUES (60,71,6,17,1191);
INSERT INTO [dbo].[GAME_REPORT] VALUES (60,72,14,23,1192);
INSERT INTO [dbo].[GAME_REPORT] VALUES (60,73,18,19,1193);
INSERT INTO [dbo].[GAME_REPORT] VALUES (60,74,8,21,1194);
INSERT INTO [dbo].[GAME_REPORT] VALUES (60,65,9,40,1195);
INSERT INTO [dbo].[GAME_REPORT] VALUES (60,76,17,28,1196);
INSERT INTO [dbo].[GAME_REPORT] VALUES (60,77,18,7,1197);
INSERT INTO [dbo].[GAME_REPORT] VALUES (60,78,0,7,1198);
INSERT INTO [dbo].[GAME_REPORT] VALUES (60,79,12,29,1199);
INSERT INTO [dbo].[GAME_REPORT] VALUES (60,80,24,9,1200);
INSERT INTO [dbo].[GAME_REPORT] VALUES (61,71,16,30,1201);
INSERT INTO [dbo].[GAME_REPORT] VALUES (61,72,17,12,1202);
INSERT INTO [dbo].[GAME_REPORT] VALUES (61,73,2,14,1203);
INSERT INTO [dbo].[GAME_REPORT] VALUES (61,74,14,28,1204);
INSERT INTO [dbo].[GAME_REPORT] VALUES (61,65,6,5,1205);
INSERT INTO [dbo].[GAME_REPORT] VALUES (61,76,14,19,1206);
INSERT INTO [dbo].[GAME_REPORT] VALUES (61,77,25,13,1207);
INSERT INTO [dbo].[GAME_REPORT] VALUES (61,78,3,23,1208);
INSERT INTO [dbo].[GAME_REPORT] VALUES (61,79,7,39,1209);
INSERT INTO [dbo].[GAME_REPORT] VALUES (61,80,19,17,1210);
INSERT INTO [dbo].[GAME_REPORT] VALUES (61,41,23,40,1211);
INSERT INTO [dbo].[GAME_REPORT] VALUES (61,42,0,12,1212);
INSERT INTO [dbo].[GAME_REPORT] VALUES (61,43,7,15,1213);
INSERT INTO [dbo].[GAME_REPORT] VALUES (61,44,20,29,1214);
INSERT INTO [dbo].[GAME_REPORT] VALUES (61,45,0,34,1215);
INSERT INTO [dbo].[GAME_REPORT] VALUES (61,46,8,9,1216);
INSERT INTO [dbo].[GAME_REPORT] VALUES (61,47,14,9,1217);
INSERT INTO [dbo].[GAME_REPORT] VALUES (61,48,19,15,1218);
INSERT INTO [dbo].[GAME_REPORT] VALUES (61,49,19,18,1219);
INSERT INTO [dbo].[GAME_REPORT] VALUES (61,60,1,19,1220);
INSERT INTO [dbo].[GAME_REPORT] VALUES (62,71,0,18,1221);
INSERT INTO [dbo].[GAME_REPORT] VALUES (62,72,21,22,1222);
INSERT INTO [dbo].[GAME_REPORT] VALUES (62,73,1,10,1223);
INSERT INTO [dbo].[GAME_REPORT] VALUES (62,74,6,30,1224);
INSERT INTO [dbo].[GAME_REPORT] VALUES (62,65,9,40,1225);
INSERT INTO [dbo].[GAME_REPORT] VALUES (62,76,21,0,1226);
INSERT INTO [dbo].[GAME_REPORT] VALUES (62,77,12,0,1227);
INSERT INTO [dbo].[GAME_REPORT] VALUES (62,78,21,40,1228);
INSERT INTO [dbo].[GAME_REPORT] VALUES (62,79,17,10,1229);
INSERT INTO [dbo].[GAME_REPORT] VALUES (62,80,13,30,1230);
INSERT INTO [dbo].[GAME_REPORT] VALUES (62,41,4,17,1231);
INSERT INTO [dbo].[GAME_REPORT] VALUES (62,42,7,23,1232);
INSERT INTO [dbo].[GAME_REPORT] VALUES (62,43,8,19,1233);
INSERT INTO [dbo].[GAME_REPORT] VALUES (62,44,18,21,1234);
INSERT INTO [dbo].[GAME_REPORT] VALUES (62,45,2,40,1235);
INSERT INTO [dbo].[GAME_REPORT] VALUES (62,46,4,28,1236);
INSERT INTO [dbo].[GAME_REPORT] VALUES (62,47,12,7,1237);
INSERT INTO [dbo].[GAME_REPORT] VALUES (62,48,4,7,1238);
INSERT INTO [dbo].[GAME_REPORT] VALUES (62,49,18,29,1239);
INSERT INTO [dbo].[GAME_REPORT] VALUES (62,60,20,9,1240);
INSERT INTO [dbo].[GAME_REPORT] VALUES (63,71,7,18,1241);
INSERT INTO [dbo].[GAME_REPORT] VALUES (63,72,9,22,1242);
INSERT INTO [dbo].[GAME_REPORT] VALUES (63,73,7,10,1243);
INSERT INTO [dbo].[GAME_REPORT] VALUES (63,74,5,30,1244);
INSERT INTO [dbo].[GAME_REPORT] VALUES (63,65,5,40,1245);
INSERT INTO [dbo].[GAME_REPORT] VALUES (63,76,15,0,1246);
INSERT INTO [dbo].[GAME_REPORT] VALUES (63,77,1,0,1247);
INSERT INTO [dbo].[GAME_REPORT] VALUES (63,78,19,40,1248);
INSERT INTO [dbo].[GAME_REPORT] VALUES (63,79,25,10,1249);
INSERT INTO [dbo].[GAME_REPORT] VALUES (63,80,3,30,1250);
INSERT INTO [dbo].[GAME_REPORT] VALUES (63,51,2,17,1251);
INSERT INTO [dbo].[GAME_REPORT] VALUES (63,52,19,23,1252);
INSERT INTO [dbo].[GAME_REPORT] VALUES (63,53,8,19,1253);
INSERT INTO [dbo].[GAME_REPORT] VALUES (63,54,12,21,1254);
INSERT INTO [dbo].[GAME_REPORT] VALUES (63,55,23,40,1255);
INSERT INTO [dbo].[GAME_REPORT] VALUES (63,56,5,28,1256);
INSERT INTO [dbo].[GAME_REPORT] VALUES (63,57,3,7,1257);
INSERT INTO [dbo].[GAME_REPORT] VALUES (63,58,19,7,1258);
INSERT INTO [dbo].[GAME_REPORT] VALUES (63,59,9,29,1259);
INSERT INTO [dbo].[GAME_REPORT] VALUES (63,50,12,9,1260);
INSERT INTO [dbo].[GAME_REPORT] VALUES (64,71,9,30,1261);
INSERT INTO [dbo].[GAME_REPORT] VALUES (64,72,25,12,1262);
INSERT INTO [dbo].[GAME_REPORT] VALUES (64,73,4,14,1263);
INSERT INTO [dbo].[GAME_REPORT] VALUES (64,74,13,28,1264);
INSERT INTO [dbo].[GAME_REPORT] VALUES (64,65,6,5,1265);
INSERT INTO [dbo].[GAME_REPORT] VALUES (64,76,22,19,1266);
INSERT INTO [dbo].[GAME_REPORT] VALUES (64,77,15,13,1267);
INSERT INTO [dbo].[GAME_REPORT] VALUES (64,78,18,23,1268);
INSERT INTO [dbo].[GAME_REPORT] VALUES (64,79,11,39,1269);
INSERT INTO [dbo].[GAME_REPORT] VALUES (64,80,22,17,1270);
INSERT INTO [dbo].[GAME_REPORT] VALUES (64,61,6,40,1271);
INSERT INTO [dbo].[GAME_REPORT] VALUES (64,62,22,12,1272);
INSERT INTO [dbo].[GAME_REPORT] VALUES (64,63,19,15,1273);
INSERT INTO [dbo].[GAME_REPORT] VALUES (64,64,3,29,1274);
INSERT INTO [dbo].[GAME_REPORT] VALUES (64,75,6,34,1275);
INSERT INTO [dbo].[GAME_REPORT] VALUES (64,66,19,9,1276);
INSERT INTO [dbo].[GAME_REPORT] VALUES (64,67,6,9,1277);
INSERT INTO [dbo].[GAME_REPORT] VALUES (64,68,2,15,1278);
INSERT INTO [dbo].[GAME_REPORT] VALUES (64,69,20,18,1279);
INSERT INTO [dbo].[GAME_REPORT] VALUES (64,70,23,19,1280);



go


INSERT INTO [dbo].[RUNK] VALUES(1,'Мастер Спорта');
INSERT INTO [dbo].[RUNK] VALUES(2,'Кандидат в МС');
INSERT INTO [dbo].[RUNK] VALUES(3,'1 Спортивный разряд');
INSERT INTO [dbo].[RUNK] VALUES(4,'2 Спортивный разряд');
INSERT INTO [dbo].[RUNK] VALUES(5,'3 Спортивный разряд');
INSERT INTO [dbo].[RUNK] VALUES(6,'1 Юношеский разряд');
INSERT INTO [dbo].[RUNK] VALUES(7,'2 Юношеский разряд');
INSERT INTO [dbo].[RUNK] VALUES(8,'3 Юношеский разряд');

go
INSERT INTO [dbo].[PLAYER_RUNK] VALUES(1,'2018-05-05',1,1);
INSERT INTO [dbo].[PLAYER_RUNK] VALUES(2,'2018-05-05',2,2);
INSERT INTO [dbo].[PLAYER_RUNK] VALUES(3,'2018-05-05',2,3);
INSERT INTO [dbo].[PLAYER_RUNK] VALUES(4,'2018-05-05',2,4);
INSERT INTO [dbo].[PLAYER_RUNK] VALUES(5,'2018-05-05',4,5);
INSERT INTO [dbo].[PLAYER_RUNK] VALUES(6,'2018-05-05',4,6);
INSERT INTO [dbo].[PLAYER_RUNK] VALUES(7,'2018-05-05',4,7);
INSERT INTO [dbo].[PLAYER_RUNK] VALUES(8,'2018-05-05',4,8);
INSERT INTO [dbo].[PLAYER_RUNK] VALUES(9,'2018-05-05',6,9);
INSERT INTO [dbo].[PLAYER_RUNK] VALUES(10,'2018-05-05',4,10);
INSERT INTO [dbo].[PLAYER_RUNK] VALUES(11,'2017-03-02',4,11);
INSERT INTO [dbo].[PLAYER_RUNK] VALUES(12,'2017-03-02',3,12);
INSERT INTO [dbo].[PLAYER_RUNK] VALUES(13,'2017-03-02',3,13);
INSERT INTO [dbo].[PLAYER_RUNK] VALUES(14,'2017-03-02',3,14);
INSERT INTO [dbo].[PLAYER_RUNK] VALUES(15,'2017-03-02',3,15);
INSERT INTO [dbo].[PLAYER_RUNK] VALUES(16,'2017-03-02',3,16);
INSERT INTO [dbo].[PLAYER_RUNK] VALUES(17,'2017-03-02',3,17);
INSERT INTO [dbo].[PLAYER_RUNK] VALUES(18,'2017-03-02',6,18);
INSERT INTO [dbo].[PLAYER_RUNK] VALUES(19,'2017-03-02',5,19);
INSERT INTO [dbo].[PLAYER_RUNK] VALUES(20,'2017-03-02',5,20);
INSERT INTO [dbo].[PLAYER_RUNK] VALUES(21,'2018-10-19',5,21);
INSERT INTO [dbo].[PLAYER_RUNK] VALUES(22,'2018-10-19',5,22);
INSERT INTO [dbo].[PLAYER_RUNK] VALUES(23,'2018-10-19',5,23);
INSERT INTO [dbo].[PLAYER_RUNK] VALUES(24,'2018-10-19',5,24);
INSERT INTO [dbo].[PLAYER_RUNK] VALUES(25,'2018-10-19',5,25);
INSERT INTO [dbo].[PLAYER_RUNK] VALUES(26,'2018-10-19',5,26);
INSERT INTO [dbo].[PLAYER_RUNK] VALUES(27,'2018-10-19',5,27);
INSERT INTO [dbo].[PLAYER_RUNK] VALUES(28,'2018-10-19',5,28);
INSERT INTO [dbo].[PLAYER_RUNK] VALUES(29,'2018-10-19',4,29);
INSERT INTO [dbo].[PLAYER_RUNK] VALUES(30,'2018-10-19',3,30);
INSERT INTO [dbo].[PLAYER_RUNK] VALUES(31,'2019-01-01',4,31);
INSERT INTO [dbo].[PLAYER_RUNK] VALUES(32,'2019-01-01',3,32);
INSERT INTO [dbo].[PLAYER_RUNK] VALUES(33,'2019-01-01',4,33);
INSERT INTO [dbo].[PLAYER_RUNK] VALUES(34,'2019-01-01',5,34);
INSERT INTO [dbo].[PLAYER_RUNK] VALUES(35,'2019-01-01',3,35);
INSERT INTO [dbo].[PLAYER_RUNK] VALUES(36,'2019-01-01',2,36);
INSERT INTO [dbo].[PLAYER_RUNK] VALUES(37,'2019-01-01',5,37);
INSERT INTO [dbo].[PLAYER_RUNK] VALUES(38,'2019-01-01',6,38);
INSERT INTO [dbo].[PLAYER_RUNK] VALUES(39,'2019-01-01',4,39);
INSERT INTO [dbo].[PLAYER_RUNK] VALUES(40,'2019-01-01',3,40);
INSERT INTO [dbo].[PLAYER_RUNK] VALUES(41,'2018-07-17',8,41);
INSERT INTO [dbo].[PLAYER_RUNK] VALUES(42,'2018-07-17',5,42);
INSERT INTO [dbo].[PLAYER_RUNK] VALUES(43,'2018-07-17',6,43);
INSERT INTO [dbo].[PLAYER_RUNK] VALUES(44,'2018-07-17',7,44);
INSERT INTO [dbo].[PLAYER_RUNK] VALUES(45,'2018-07-17',8,45);
INSERT INTO [dbo].[PLAYER_RUNK] VALUES(46,'2018-07-17',6,46);
INSERT INTO [dbo].[PLAYER_RUNK] VALUES(47,'2018-07-17',6,47);
INSERT INTO [dbo].[PLAYER_RUNK] VALUES(48,'2018-07-17',4,48);
INSERT INTO [dbo].[PLAYER_RUNK] VALUES(49,'2018-07-17',5,49);
INSERT INTO [dbo].[PLAYER_RUNK] VALUES(50,'2018-07-17',6,50);
INSERT INTO [dbo].[PLAYER_RUNK] VALUES(51,'2019-03-29',7,51);
INSERT INTO [dbo].[PLAYER_RUNK] VALUES(52,'2019-03-29',5,52);
INSERT INTO [dbo].[PLAYER_RUNK] VALUES(53,'2019-03-29',5,53);
INSERT INTO [dbo].[PLAYER_RUNK] VALUES(54,'2019-03-29',5,54);
INSERT INTO [dbo].[PLAYER_RUNK] VALUES(55,'2019-03-29',6,55);
INSERT INTO [dbo].[PLAYER_RUNK] VALUES(56,'2019-03-29',7,56);
INSERT INTO [dbo].[PLAYER_RUNK] VALUES(57,'2019-03-29',7,57);
INSERT INTO [dbo].[PLAYER_RUNK] VALUES(58,'2019-03-29',6,58);
INSERT INTO [dbo].[PLAYER_RUNK] VALUES(59,'2019-03-29',6,59);
INSERT INTO [dbo].[PLAYER_RUNK] VALUES(60,'2019-03-29',6,60);
INSERT INTO [dbo].[PLAYER_RUNK] VALUES(61,'2017-09-14',6,61);
INSERT INTO [dbo].[PLAYER_RUNK] VALUES(62,'2017-09-14',7,62);
INSERT INTO [dbo].[PLAYER_RUNK] VALUES(63,'2017-09-14',8,63);
INSERT INTO [dbo].[PLAYER_RUNK] VALUES(64,'2017-09-14',8,64);
INSERT INTO [dbo].[PLAYER_RUNK] VALUES(65,'2017-09-14',8,65);
INSERT INTO [dbo].[PLAYER_RUNK] VALUES(66,'2017-09-14',7,66);
INSERT INTO [dbo].[PLAYER_RUNK] VALUES(67,'2017-09-14',8,67);
INSERT INTO [dbo].[PLAYER_RUNK] VALUES(68,'2017-09-14',8,68);
INSERT INTO [dbo].[PLAYER_RUNK] VALUES(69,'2017-09-14',8,69);
INSERT INTO [dbo].[PLAYER_RUNK] VALUES(70,'2017-09-14',8,70);
INSERT INTO [dbo].[PLAYER_RUNK] VALUES(71,'2016-11-02',8,71);
INSERT INTO [dbo].[PLAYER_RUNK] VALUES(72,'2016-11-02',8,72);
INSERT INTO [dbo].[PLAYER_RUNK] VALUES(73,'2016-11-02',8,73);
INSERT INTO [dbo].[PLAYER_RUNK] VALUES(74,'2016-11-02',8,74);
INSERT INTO [dbo].[PLAYER_RUNK] VALUES(75,'2016-11-02',8,75);
INSERT INTO [dbo].[PLAYER_RUNK] VALUES(76,'2016-11-02',7,76);
INSERT INTO [dbo].[PLAYER_RUNK] VALUES(77,'2016-11-02',6,77);
INSERT INTO [dbo].[PLAYER_RUNK] VALUES(78,'2016-11-02',7,78);
INSERT INTO [dbo].[PLAYER_RUNK] VALUES(79,'2016-11-02',6,79);
INSERT INTO [dbo].[PLAYER_RUNK] VALUES(80,'2016-11-02',6,80);
go
INSERT INTO [dbo].[PLAYER_TEAM] VALUES(1,1,1,1);
INSERT INTO [dbo].[PLAYER_TEAM] VALUES(1,2,1,2);
INSERT INTO [dbo].[PLAYER_TEAM] VALUES(1,3,1,3);
INSERT INTO [dbo].[PLAYER_TEAM] VALUES(1,4,1,4);
INSERT INTO [dbo].[PLAYER_TEAM] VALUES(1,5,1,5);
INSERT INTO [dbo].[PLAYER_TEAM] VALUES(1,6,1,6);
INSERT INTO [dbo].[PLAYER_TEAM] VALUES(1,7,1,7);
INSERT INTO [dbo].[PLAYER_TEAM] VALUES(1,8,1,8);
INSERT INTO [dbo].[PLAYER_TEAM] VALUES(1,9,1,9);
INSERT INTO [dbo].[PLAYER_TEAM] VALUES(1,10,1,10);
INSERT INTO [dbo].[PLAYER_TEAM] VALUES(2,11,1,11);
INSERT INTO [dbo].[PLAYER_TEAM] VALUES(2,12,1,12);
INSERT INTO [dbo].[PLAYER_TEAM] VALUES(2,13,1,13);
INSERT INTO [dbo].[PLAYER_TEAM] VALUES(2,14,1,14);
INSERT INTO [dbo].[PLAYER_TEAM] VALUES(2,15,1,15);
INSERT INTO [dbo].[PLAYER_TEAM] VALUES(2,16,1,16);
INSERT INTO [dbo].[PLAYER_TEAM] VALUES(2,17,1,17);
INSERT INTO [dbo].[PLAYER_TEAM] VALUES(2,18,1,18);
INSERT INTO [dbo].[PLAYER_TEAM] VALUES(2,19,1,19);
INSERT INTO [dbo].[PLAYER_TEAM] VALUES(2,20,1,20);
INSERT INTO [dbo].[PLAYER_TEAM] VALUES(3,21,1,21);
INSERT INTO [dbo].[PLAYER_TEAM] VALUES(3,22,1,22);
INSERT INTO [dbo].[PLAYER_TEAM] VALUES(3,23,1,23);
INSERT INTO [dbo].[PLAYER_TEAM] VALUES(3,24,1,24);
INSERT INTO [dbo].[PLAYER_TEAM] VALUES(3,25,1,25);
INSERT INTO [dbo].[PLAYER_TEAM] VALUES(3,26,1,26);
INSERT INTO [dbo].[PLAYER_TEAM] VALUES(3,27,1,27);
INSERT INTO [dbo].[PLAYER_TEAM] VALUES(3,28,1,28);
INSERT INTO [dbo].[PLAYER_TEAM] VALUES(3,29,1,29);
INSERT INTO [dbo].[PLAYER_TEAM] VALUES(3,30,1,30);
INSERT INTO [dbo].[PLAYER_TEAM] VALUES(4,31,1,31);
INSERT INTO [dbo].[PLAYER_TEAM] VALUES(4,32,1,32);
INSERT INTO [dbo].[PLAYER_TEAM] VALUES(4,33,1,33);
INSERT INTO [dbo].[PLAYER_TEAM] VALUES(4,34,1,34);
INSERT INTO [dbo].[PLAYER_TEAM] VALUES(4,35,1,35);
INSERT INTO [dbo].[PLAYER_TEAM] VALUES(4,36,1,36);
INSERT INTO [dbo].[PLAYER_TEAM] VALUES(4,37,1,37);
INSERT INTO [dbo].[PLAYER_TEAM] VALUES(4,38,1,38);
INSERT INTO [dbo].[PLAYER_TEAM] VALUES(4,39,1,39);
INSERT INTO [dbo].[PLAYER_TEAM] VALUES(4,40,1,40);
INSERT INTO [dbo].[PLAYER_TEAM] VALUES(5,41,1,41);
INSERT INTO [dbo].[PLAYER_TEAM] VALUES(5,42,1,42);
INSERT INTO [dbo].[PLAYER_TEAM] VALUES(5,43,1,43);
INSERT INTO [dbo].[PLAYER_TEAM] VALUES(5,44,1,44);
INSERT INTO [dbo].[PLAYER_TEAM] VALUES(5,45,1,45);
INSERT INTO [dbo].[PLAYER_TEAM] VALUES(5,46,1,46);
INSERT INTO [dbo].[PLAYER_TEAM] VALUES(5,47,1,47);
INSERT INTO [dbo].[PLAYER_TEAM] VALUES(5,48,1,48);
INSERT INTO [dbo].[PLAYER_TEAM] VALUES(5,49,1,49);
INSERT INTO [dbo].[PLAYER_TEAM] VALUES(5,50,1,50);
INSERT INTO [dbo].[PLAYER_TEAM] VALUES(6,51,1,51);
INSERT INTO [dbo].[PLAYER_TEAM] VALUES(6,52,1,52);
INSERT INTO [dbo].[PLAYER_TEAM] VALUES(6,53,1,53);
INSERT INTO [dbo].[PLAYER_TEAM] VALUES(6,54,1,54);
INSERT INTO [dbo].[PLAYER_TEAM] VALUES(6,55,1,55);
INSERT INTO [dbo].[PLAYER_TEAM] VALUES(6,56,1,56);
INSERT INTO [dbo].[PLAYER_TEAM] VALUES(6,57,1,57);
INSERT INTO [dbo].[PLAYER_TEAM] VALUES(6,58,1,58);
INSERT INTO [dbo].[PLAYER_TEAM] VALUES(6,59,1,59);
INSERT INTO [dbo].[PLAYER_TEAM] VALUES(6,60,1,60);
INSERT INTO [dbo].[PLAYER_TEAM] VALUES(7,61,1,61);
INSERT INTO [dbo].[PLAYER_TEAM] VALUES(7,62,1,62);
INSERT INTO [dbo].[PLAYER_TEAM] VALUES(7,63,1,63);
INSERT INTO [dbo].[PLAYER_TEAM] VALUES(7,64,1,64);
INSERT INTO [dbo].[PLAYER_TEAM] VALUES(7,65,1,65);
INSERT INTO [dbo].[PLAYER_TEAM] VALUES(7,66,1,66);
INSERT INTO [dbo].[PLAYER_TEAM] VALUES(7,67,1,67);
INSERT INTO [dbo].[PLAYER_TEAM] VALUES(7,68,1,68);
INSERT INTO [dbo].[PLAYER_TEAM] VALUES(7,69,1,69);
INSERT INTO [dbo].[PLAYER_TEAM] VALUES(7,70,1,70);
INSERT INTO [dbo].[PLAYER_TEAM] VALUES(8,71,1,71);
INSERT INTO [dbo].[PLAYER_TEAM] VALUES(8,72,1,72);
INSERT INTO [dbo].[PLAYER_TEAM] VALUES(8,73,1,73);
INSERT INTO [dbo].[PLAYER_TEAM] VALUES(8,74,1,74);
INSERT INTO [dbo].[PLAYER_TEAM] VALUES(8,75,1,75);
INSERT INTO [dbo].[PLAYER_TEAM] VALUES(8,76,1,76);
INSERT INTO [dbo].[PLAYER_TEAM] VALUES(8,77,1,77);
INSERT INTO [dbo].[PLAYER_TEAM] VALUES(8,78,1,78);
INSERT INTO [dbo].[PLAYER_TEAM] VALUES(8,79,1,79);
INSERT INTO [dbo].[PLAYER_TEAM] VALUES(8,80,1,80);
INSERT INTO [dbo].[PLAYER_TEAM] VALUES(1,1,2,81);
INSERT INTO [dbo].[PLAYER_TEAM] VALUES(1,22,2,82);
INSERT INTO [dbo].[PLAYER_TEAM] VALUES(1,3,2,83);
INSERT INTO [dbo].[PLAYER_TEAM] VALUES(1,4,2,84);
INSERT INTO [dbo].[PLAYER_TEAM] VALUES(1,5,2,85);
INSERT INTO [dbo].[PLAYER_TEAM] VALUES(1,6,2,86);
INSERT INTO [dbo].[PLAYER_TEAM] VALUES(1,7,2,87);
INSERT INTO [dbo].[PLAYER_TEAM] VALUES(1,8,2,88);
INSERT INTO [dbo].[PLAYER_TEAM] VALUES(1,9,2,89);
INSERT INTO [dbo].[PLAYER_TEAM] VALUES(1,10,2,90);
INSERT INTO [dbo].[PLAYER_TEAM] VALUES(2,11,2,91);
INSERT INTO [dbo].[PLAYER_TEAM] VALUES(2,12,2,92);
INSERT INTO [dbo].[PLAYER_TEAM] VALUES(2,23,2,93);
INSERT INTO [dbo].[PLAYER_TEAM] VALUES(2,14,2,94);
INSERT INTO [dbo].[PLAYER_TEAM] VALUES(2,15,2,95);
INSERT INTO [dbo].[PLAYER_TEAM] VALUES(2,16,2,96);
INSERT INTO [dbo].[PLAYER_TEAM] VALUES(2,17,2,97);
INSERT INTO [dbo].[PLAYER_TEAM] VALUES(2,18,2,98);
INSERT INTO [dbo].[PLAYER_TEAM] VALUES(2,19,2,99);
INSERT INTO [dbo].[PLAYER_TEAM] VALUES(2,20,2,100);
INSERT INTO [dbo].[PLAYER_TEAM] VALUES(3,21,2,101);
INSERT INTO [dbo].[PLAYER_TEAM] VALUES(3,2,2,102);
INSERT INTO [dbo].[PLAYER_TEAM] VALUES(3,13,2,103);
INSERT INTO [dbo].[PLAYER_TEAM] VALUES(3,24,2,104);
INSERT INTO [dbo].[PLAYER_TEAM] VALUES(3,25,2,105);
INSERT INTO [dbo].[PLAYER_TEAM] VALUES(3,26,2,106);
INSERT INTO [dbo].[PLAYER_TEAM] VALUES(3,27,2,107);
INSERT INTO [dbo].[PLAYER_TEAM] VALUES(3,28,2,108);
INSERT INTO [dbo].[PLAYER_TEAM] VALUES(3,29,2,109);
INSERT INTO [dbo].[PLAYER_TEAM] VALUES(3,30,2,110);
INSERT INTO [dbo].[PLAYER_TEAM] VALUES(4,31,2,111);
INSERT INTO [dbo].[PLAYER_TEAM] VALUES(4,32,2,112);
INSERT INTO [dbo].[PLAYER_TEAM] VALUES(4,33,2,113);
INSERT INTO [dbo].[PLAYER_TEAM] VALUES(4,34,2,114);
INSERT INTO [dbo].[PLAYER_TEAM] VALUES(4,35,2,115);
INSERT INTO [dbo].[PLAYER_TEAM] VALUES(4,36,2,116);
INSERT INTO [dbo].[PLAYER_TEAM] VALUES(4,37,2,117);
INSERT INTO [dbo].[PLAYER_TEAM] VALUES(4,38,2,118);
INSERT INTO [dbo].[PLAYER_TEAM] VALUES(4,39,2,119);
INSERT INTO [dbo].[PLAYER_TEAM] VALUES(4,40,2,120);
INSERT INTO [dbo].[PLAYER_TEAM] VALUES(5,41,2,121);
INSERT INTO [dbo].[PLAYER_TEAM] VALUES(5,42,2,122);
INSERT INTO [dbo].[PLAYER_TEAM] VALUES(5,43,2,123);
INSERT INTO [dbo].[PLAYER_TEAM] VALUES(5,44,2,124);
INSERT INTO [dbo].[PLAYER_TEAM] VALUES(5,45,2,125);
INSERT INTO [dbo].[PLAYER_TEAM] VALUES(5,46,2,126);
INSERT INTO [dbo].[PLAYER_TEAM] VALUES(5,47,2,127);
INSERT INTO [dbo].[PLAYER_TEAM] VALUES(5,48,2,128);
INSERT INTO [dbo].[PLAYER_TEAM] VALUES(5,49,2,129);
INSERT INTO [dbo].[PLAYER_TEAM] VALUES(5,60,2,130);
INSERT INTO [dbo].[PLAYER_TEAM] VALUES(6,51,2,131);
INSERT INTO [dbo].[PLAYER_TEAM] VALUES(6,52,2,132);
INSERT INTO [dbo].[PLAYER_TEAM] VALUES(6,53,2,133);
INSERT INTO [dbo].[PLAYER_TEAM] VALUES(6,54,2,134);
INSERT INTO [dbo].[PLAYER_TEAM] VALUES(6,55,2,135);
INSERT INTO [dbo].[PLAYER_TEAM] VALUES(6,56,2,136);
INSERT INTO [dbo].[PLAYER_TEAM] VALUES(6,57,2,137);
INSERT INTO [dbo].[PLAYER_TEAM] VALUES(6,58,2,138);
INSERT INTO [dbo].[PLAYER_TEAM] VALUES(6,59,2,139);
INSERT INTO [dbo].[PLAYER_TEAM] VALUES(6,50,2,140);
INSERT INTO [dbo].[PLAYER_TEAM] VALUES(7,61,2,141);
INSERT INTO [dbo].[PLAYER_TEAM] VALUES(7,62,2,142);
INSERT INTO [dbo].[PLAYER_TEAM] VALUES(7,63,2,143);
INSERT INTO [dbo].[PLAYER_TEAM] VALUES(7,64,2,144);
INSERT INTO [dbo].[PLAYER_TEAM] VALUES(7,75,2,145);
INSERT INTO [dbo].[PLAYER_TEAM] VALUES(7,66,2,146);
INSERT INTO [dbo].[PLAYER_TEAM] VALUES(7,67,2,147);
INSERT INTO [dbo].[PLAYER_TEAM] VALUES(7,68,2,148);
INSERT INTO [dbo].[PLAYER_TEAM] VALUES(7,69,2,149);
INSERT INTO [dbo].[PLAYER_TEAM] VALUES(7,70,2,150);
INSERT INTO [dbo].[PLAYER_TEAM] VALUES(8,71,2,151);
INSERT INTO [dbo].[PLAYER_TEAM] VALUES(8,72,2,152);
INSERT INTO [dbo].[PLAYER_TEAM] VALUES(8,73,2,153);
INSERT INTO [dbo].[PLAYER_TEAM] VALUES(8,74,2,154);
INSERT INTO [dbo].[PLAYER_TEAM] VALUES(8,65,2,155);
INSERT INTO [dbo].[PLAYER_TEAM] VALUES(8,76,2,156);
INSERT INTO [dbo].[PLAYER_TEAM] VALUES(8,77,2,157);
INSERT INTO [dbo].[PLAYER_TEAM] VALUES(8,78,2,158);
INSERT INTO [dbo].[PLAYER_TEAM] VALUES(8,79,2,159);
INSERT INTO [dbo].[PLAYER_TEAM] VALUES(8,80,2,160);
go

INSERT INTO [dbo].[REFEREES] VALUES(1,'Петров Л.А.','1998-12-01');
INSERT INTO [dbo].[REFEREES] VALUES(2,'Иванов И.И.','1980-06-14');
INSERT INTO [dbo].[REFEREES] VALUES(3,'Сталин А.А.','1985-05-03');
INSERT INTO [dbo].[REFEREES] VALUES(4,'Дзюба Ю.В.','1990-06-25');
INSERT INTO [dbo].[REFEREES] VALUES(5,'Эрлих А.В.','1978-02-10');
go
INSERT INTO [dbo].[GAME_REFEREES] VALUES(1,1,'Главный судья',1);
INSERT INTO [dbo].[GAME_REFEREES] VALUES(2,1,'Помощник',2);
INSERT INTO [dbo].[GAME_REFEREES] VALUES(3,1,'Секретарь',3);
INSERT INTO [dbo].[GAME_REFEREES] VALUES(4,2,'Главный судья',4);
INSERT INTO [dbo].[GAME_REFEREES] VALUES(5,2,'Помощник',5);
INSERT INTO [dbo].[GAME_REFEREES] VALUES(1,2,'Секретарь',6);
INSERT INTO [dbo].[GAME_REFEREES] VALUES(2,3,'Главный судья',7);
INSERT INTO [dbo].[GAME_REFEREES] VALUES(3,3,'Помощник',8);
INSERT INTO [dbo].[GAME_REFEREES] VALUES(4,3,'Секретарь',9);
INSERT INTO [dbo].[GAME_REFEREES] VALUES(5,4,'Главный судья',10);
INSERT INTO [dbo].[GAME_REFEREES] VALUES(1,4,'Помощник',11);
INSERT INTO [dbo].[GAME_REFEREES] VALUES(2,4,'Секретарь',12);
INSERT INTO [dbo].[GAME_REFEREES] VALUES(3,5,'Главный судья',13);
INSERT INTO [dbo].[GAME_REFEREES] VALUES(4,5,'Помощник',14);
INSERT INTO [dbo].[GAME_REFEREES] VALUES(5,5,'Секретарь',15);
INSERT INTO [dbo].[GAME_REFEREES] VALUES(1,6,'Главный судья',16);
INSERT INTO [dbo].[GAME_REFEREES] VALUES(2,6,'Помощник',17);
INSERT INTO [dbo].[GAME_REFEREES] VALUES(3,6,'Секретарь',18);
INSERT INTO [dbo].[GAME_REFEREES] VALUES(4,7,'Главный судья',19);
INSERT INTO [dbo].[GAME_REFEREES] VALUES(5,7,'Помощник',20);
INSERT INTO [dbo].[GAME_REFEREES] VALUES(1,7,'Секретарь',21);
INSERT INTO [dbo].[GAME_REFEREES] VALUES(2,8,'Главный судья',22);
INSERT INTO [dbo].[GAME_REFEREES] VALUES(3,8,'Помощник',23);
INSERT INTO [dbo].[GAME_REFEREES] VALUES(4,8,'Секретарь',24);
INSERT INTO [dbo].[GAME_REFEREES] VALUES(5,9,'Главный судья',25);
INSERT INTO [dbo].[GAME_REFEREES] VALUES(1,9,'Помощник',26);
INSERT INTO [dbo].[GAME_REFEREES] VALUES(2,9,'Секретарь',27);
INSERT INTO [dbo].[GAME_REFEREES] VALUES(3,10,'Главный судья',28);
INSERT INTO [dbo].[GAME_REFEREES] VALUES(4,10,'Помощник',29);
INSERT INTO [dbo].[GAME_REFEREES] VALUES(5,10,'Секретарь',30);
INSERT INTO [dbo].[GAME_REFEREES] VALUES(1,11,'Главный судья',31);
INSERT INTO [dbo].[GAME_REFEREES] VALUES(2,11,'Помощник',32);
INSERT INTO [dbo].[GAME_REFEREES] VALUES(3,11,'Секретарь',33);
INSERT INTO [dbo].[GAME_REFEREES] VALUES(4,12,'Главный судья',34);
INSERT INTO [dbo].[GAME_REFEREES] VALUES(5,12,'Помощник',35);
INSERT INTO [dbo].[GAME_REFEREES] VALUES(1,12,'Секретарь',36);
INSERT INTO [dbo].[GAME_REFEREES] VALUES(2,13,'Главный судья',37);
INSERT INTO [dbo].[GAME_REFEREES] VALUES(3,13,'Помощник',38);
INSERT INTO [dbo].[GAME_REFEREES] VALUES(4,13,'Секретарь',39);
INSERT INTO [dbo].[GAME_REFEREES] VALUES(5,14,'Главный судья',40);
INSERT INTO [dbo].[GAME_REFEREES] VALUES(1,14,'Помощник',41);
INSERT INTO [dbo].[GAME_REFEREES] VALUES(2,14,'Секретарь',42);
INSERT INTO [dbo].[GAME_REFEREES] VALUES(3,15,'Главный судья',43);
INSERT INTO [dbo].[GAME_REFEREES] VALUES(4,15,'Помощник',44);
INSERT INTO [dbo].[GAME_REFEREES] VALUES(5,15,'Секретарь',45);
INSERT INTO [dbo].[GAME_REFEREES] VALUES(1,16,'Главный судья',46);
INSERT INTO [dbo].[GAME_REFEREES] VALUES(2,16,'Помощник',47);
INSERT INTO [dbo].[GAME_REFEREES] VALUES(3,16,'Секретарь',48);
INSERT INTO [dbo].[GAME_REFEREES] VALUES(4,17,'Главный судья',49);
INSERT INTO [dbo].[GAME_REFEREES] VALUES(5,17,'Помощник',50);
INSERT INTO [dbo].[GAME_REFEREES] VALUES(1,17,'Секретарь',51);
INSERT INTO [dbo].[GAME_REFEREES] VALUES(2,18,'Главный судья',52);
INSERT INTO [dbo].[GAME_REFEREES] VALUES(3,18,'Помощник',53);
INSERT INTO [dbo].[GAME_REFEREES] VALUES(4,18,'Секретарь',54);
INSERT INTO [dbo].[GAME_REFEREES] VALUES(5,19,'Главный судья',55);
INSERT INTO [dbo].[GAME_REFEREES] VALUES(1,19,'Помощник',56);
INSERT INTO [dbo].[GAME_REFEREES] VALUES(2,19,'Секретарь',57);
INSERT INTO [dbo].[GAME_REFEREES] VALUES(3,20,'Главный судья',58);
INSERT INTO [dbo].[GAME_REFEREES] VALUES(4,20,'Помощник',59);
INSERT INTO [dbo].[GAME_REFEREES] VALUES(5,20,'Секретарь',60);
INSERT INTO [dbo].[GAME_REFEREES] VALUES(1,21,'Главный судья',61);
INSERT INTO [dbo].[GAME_REFEREES] VALUES(2,21,'Помощник',62);
INSERT INTO [dbo].[GAME_REFEREES] VALUES(3,21,'Секретарь',63);
INSERT INTO [dbo].[GAME_REFEREES] VALUES(4,22,'Главный судья',64);
INSERT INTO [dbo].[GAME_REFEREES] VALUES(5,22,'Помощник',65);
INSERT INTO [dbo].[GAME_REFEREES] VALUES(1,22,'Секретарь',66);
INSERT INTO [dbo].[GAME_REFEREES] VALUES(2,23,'Главный судья',67);
INSERT INTO [dbo].[GAME_REFEREES] VALUES(3,23,'Помощник',68);
INSERT INTO [dbo].[GAME_REFEREES] VALUES(4,23,'Секретарь',69);
INSERT INTO [dbo].[GAME_REFEREES] VALUES(5,24,'Главный судья',70);
INSERT INTO [dbo].[GAME_REFEREES] VALUES(1,24,'Помощник',71);
INSERT INTO [dbo].[GAME_REFEREES] VALUES(2,24,'Секретарь',72);
INSERT INTO [dbo].[GAME_REFEREES] VALUES(3,25,'Главный судья',73);
INSERT INTO [dbo].[GAME_REFEREES] VALUES(4,25,'Помощник',74);
INSERT INTO [dbo].[GAME_REFEREES] VALUES(5,25,'Секретарь',75);
INSERT INTO [dbo].[GAME_REFEREES] VALUES(1,26,'Главный судья',76);
INSERT INTO [dbo].[GAME_REFEREES] VALUES(2,26,'Помощник',77);
INSERT INTO [dbo].[GAME_REFEREES] VALUES(3,26,'Секретарь',78);
INSERT INTO [dbo].[GAME_REFEREES] VALUES(4,27,'Главный судья',79);
INSERT INTO [dbo].[GAME_REFEREES] VALUES(5,27,'Помощник',80);
INSERT INTO [dbo].[GAME_REFEREES] VALUES(1,27,'Секретарь',81);
INSERT INTO [dbo].[GAME_REFEREES] VALUES(2,28,'Главный судья',82);
INSERT INTO [dbo].[GAME_REFEREES] VALUES(3,28,'Помощник',83);
INSERT INTO [dbo].[GAME_REFEREES] VALUES(4,28,'Секретарь',84);
INSERT INTO [dbo].[GAME_REFEREES] VALUES(5,29,'Главный судья',85);
INSERT INTO [dbo].[GAME_REFEREES] VALUES(1,29,'Помощник',86);
INSERT INTO [dbo].[GAME_REFEREES] VALUES(2,29,'Секретарь',87);
INSERT INTO [dbo].[GAME_REFEREES] VALUES(3,30,'Главный судья',88);
INSERT INTO [dbo].[GAME_REFEREES] VALUES(4,30,'Помощник',89);
INSERT INTO [dbo].[GAME_REFEREES] VALUES(5,30,'Секретарь',90);
INSERT INTO [dbo].[GAME_REFEREES] VALUES(1,31,'Главный судья',91);
INSERT INTO [dbo].[GAME_REFEREES] VALUES(2,31,'Помощник',92);
INSERT INTO [dbo].[GAME_REFEREES] VALUES(3,31,'Секретарь',93);
INSERT INTO [dbo].[GAME_REFEREES] VALUES(4,32,'Главный судья',94);
INSERT INTO [dbo].[GAME_REFEREES] VALUES(5,32,'Помощник',95);
INSERT INTO [dbo].[GAME_REFEREES] VALUES(1,32,'Секретарь',96);
INSERT INTO [dbo].[GAME_REFEREES] VALUES(1,33,'Главный судья',97);
INSERT INTO [dbo].[GAME_REFEREES] VALUES(2,33,'Помощник',98);
INSERT INTO [dbo].[GAME_REFEREES] VALUES(3,33,'Секретарь',99);
INSERT INTO [dbo].[GAME_REFEREES] VALUES(4,34,'Главный судья',100);
INSERT INTO [dbo].[GAME_REFEREES] VALUES(5,34,'Помощник',101);
INSERT INTO [dbo].[GAME_REFEREES] VALUES(1,34,'Секретарь',102);
INSERT INTO [dbo].[GAME_REFEREES] VALUES(2,35,'Главный судья',103);
INSERT INTO [dbo].[GAME_REFEREES] VALUES(3,35,'Помощник',104);
INSERT INTO [dbo].[GAME_REFEREES] VALUES(4,35,'Секретарь',105);
INSERT INTO [dbo].[GAME_REFEREES] VALUES(5,36,'Главный судья',106);
INSERT INTO [dbo].[GAME_REFEREES] VALUES(1,36,'Помощник',107);
INSERT INTO [dbo].[GAME_REFEREES] VALUES(2,36,'Секретарь',108);
INSERT INTO [dbo].[GAME_REFEREES] VALUES(3,37,'Главный судья',109);
INSERT INTO [dbo].[GAME_REFEREES] VALUES(4,37,'Помощник',110);
INSERT INTO [dbo].[GAME_REFEREES] VALUES(5,37,'Секретарь',111);
INSERT INTO [dbo].[GAME_REFEREES] VALUES(1,38,'Главный судья',112);
INSERT INTO [dbo].[GAME_REFEREES] VALUES(2,38,'Помощник',113);
INSERT INTO [dbo].[GAME_REFEREES] VALUES(3,38,'Секретарь',114);
INSERT INTO [dbo].[GAME_REFEREES] VALUES(4,39,'Главный судья',115);
INSERT INTO [dbo].[GAME_REFEREES] VALUES(5,39,'Помощник',116);
INSERT INTO [dbo].[GAME_REFEREES] VALUES(1,39,'Секретарь',117);
INSERT INTO [dbo].[GAME_REFEREES] VALUES(2,40,'Главный судья',118);
INSERT INTO [dbo].[GAME_REFEREES] VALUES(3,40,'Помощник',119);
INSERT INTO [dbo].[GAME_REFEREES] VALUES(4,40,'Секретарь',120);
INSERT INTO [dbo].[GAME_REFEREES] VALUES(5,41,'Главный судья',121);
INSERT INTO [dbo].[GAME_REFEREES] VALUES(1,41,'Помощник',122);
INSERT INTO [dbo].[GAME_REFEREES] VALUES(2,41,'Секретарь',123);
INSERT INTO [dbo].[GAME_REFEREES] VALUES(3,42,'Главный судья',124);
INSERT INTO [dbo].[GAME_REFEREES] VALUES(4,42,'Помощник',125);
INSERT INTO [dbo].[GAME_REFEREES] VALUES(5,42,'Секретарь',126);
INSERT INTO [dbo].[GAME_REFEREES] VALUES(1,43,'Главный судья',127);
INSERT INTO [dbo].[GAME_REFEREES] VALUES(2,43,'Помощник',128);
INSERT INTO [dbo].[GAME_REFEREES] VALUES(3,43,'Секретарь',129);
INSERT INTO [dbo].[GAME_REFEREES] VALUES(4,44,'Главный судья',130);
INSERT INTO [dbo].[GAME_REFEREES] VALUES(5,44,'Помощник',131);
INSERT INTO [dbo].[GAME_REFEREES] VALUES(1,44,'Секретарь',132);
INSERT INTO [dbo].[GAME_REFEREES] VALUES(2,45,'Главный судья',133);
INSERT INTO [dbo].[GAME_REFEREES] VALUES(3,45,'Помощник',134);
INSERT INTO [dbo].[GAME_REFEREES] VALUES(4,45,'Секретарь',135);
INSERT INTO [dbo].[GAME_REFEREES] VALUES(5,46,'Главный судья',136);
INSERT INTO [dbo].[GAME_REFEREES] VALUES(1,46,'Помощник',137);
INSERT INTO [dbo].[GAME_REFEREES] VALUES(2,46,'Секретарь',138);
INSERT INTO [dbo].[GAME_REFEREES] VALUES(3,47,'Главный судья',139);
INSERT INTO [dbo].[GAME_REFEREES] VALUES(4,47,'Помощник',140);
INSERT INTO [dbo].[GAME_REFEREES] VALUES(5,47,'Секретарь',141);
INSERT INTO [dbo].[GAME_REFEREES] VALUES(1,48,'Главный судья',142);
INSERT INTO [dbo].[GAME_REFEREES] VALUES(2,48,'Помощник',143);
INSERT INTO [dbo].[GAME_REFEREES] VALUES(3,48,'Секретарь',144);
INSERT INTO [dbo].[GAME_REFEREES] VALUES(4,49,'Главный судья',145);
INSERT INTO [dbo].[GAME_REFEREES] VALUES(5,49,'Помощник',146);
INSERT INTO [dbo].[GAME_REFEREES] VALUES(1,49,'Секретарь',147);
INSERT INTO [dbo].[GAME_REFEREES] VALUES(2,50,'Главный судья',148);
INSERT INTO [dbo].[GAME_REFEREES] VALUES(3,50,'Помощник',149);
INSERT INTO [dbo].[GAME_REFEREES] VALUES(4,50,'Секретарь',150);
INSERT INTO [dbo].[GAME_REFEREES] VALUES(5,51,'Главный судья',151);
INSERT INTO [dbo].[GAME_REFEREES] VALUES(1,51,'Помощник',152);
INSERT INTO [dbo].[GAME_REFEREES] VALUES(2,51,'Секретарь',153);
INSERT INTO [dbo].[GAME_REFEREES] VALUES(3,52,'Главный судья',154);
INSERT INTO [dbo].[GAME_REFEREES] VALUES(4,52,'Помощник',155);
INSERT INTO [dbo].[GAME_REFEREES] VALUES(5,52,'Секретарь',156);
INSERT INTO [dbo].[GAME_REFEREES] VALUES(1,53,'Главный судья',157);
INSERT INTO [dbo].[GAME_REFEREES] VALUES(2,53,'Помощник',158);
INSERT INTO [dbo].[GAME_REFEREES] VALUES(3,53,'Секретарь',159);
INSERT INTO [dbo].[GAME_REFEREES] VALUES(4,54,'Главный судья',160);
INSERT INTO [dbo].[GAME_REFEREES] VALUES(5,54,'Помощник',161);
INSERT INTO [dbo].[GAME_REFEREES] VALUES(1,54,'Секретарь',162);
INSERT INTO [dbo].[GAME_REFEREES] VALUES(2,55,'Главный судья',163);
INSERT INTO [dbo].[GAME_REFEREES] VALUES(3,55,'Помощник',164);
INSERT INTO [dbo].[GAME_REFEREES] VALUES(4,55,'Секретарь',165);
INSERT INTO [dbo].[GAME_REFEREES] VALUES(5,56,'Главный судья',166);
INSERT INTO [dbo].[GAME_REFEREES] VALUES(1,56,'Помощник',167);
INSERT INTO [dbo].[GAME_REFEREES] VALUES(2,56,'Секретарь',168);
INSERT INTO [dbo].[GAME_REFEREES] VALUES(3,57,'Главный судья',169);
INSERT INTO [dbo].[GAME_REFEREES] VALUES(4,57,'Помощник',170);
INSERT INTO [dbo].[GAME_REFEREES] VALUES(5,57,'Секретарь',171);
INSERT INTO [dbo].[GAME_REFEREES] VALUES(1,58,'Главный судья',172);
INSERT INTO [dbo].[GAME_REFEREES] VALUES(2,58,'Помощник',173);
INSERT INTO [dbo].[GAME_REFEREES] VALUES(3,58,'Секретарь',174);
INSERT INTO [dbo].[GAME_REFEREES] VALUES(4,59,'Главный судья',175);
INSERT INTO [dbo].[GAME_REFEREES] VALUES(5,59,'Помощник',176);
INSERT INTO [dbo].[GAME_REFEREES] VALUES(1,59,'Секретарь',177);
INSERT INTO [dbo].[GAME_REFEREES] VALUES(2,60,'Главный судья',178);
INSERT INTO [dbo].[GAME_REFEREES] VALUES(3,60,'Помощник',179);
INSERT INTO [dbo].[GAME_REFEREES] VALUES(4,60,'Секретарь',180);
INSERT INTO [dbo].[GAME_REFEREES] VALUES(5,61,'Главный судья',181);
INSERT INTO [dbo].[GAME_REFEREES] VALUES(1,61,'Помощник',182);
INSERT INTO [dbo].[GAME_REFEREES] VALUES(2,61,'Секретарь',183);
INSERT INTO [dbo].[GAME_REFEREES] VALUES(3,62,'Главный судья',184);
INSERT INTO [dbo].[GAME_REFEREES] VALUES(4,62,'Помощник',185);
INSERT INTO [dbo].[GAME_REFEREES] VALUES(5,62,'Секретарь',186);
INSERT INTO [dbo].[GAME_REFEREES] VALUES(1,63,'Главный судья',187);
INSERT INTO [dbo].[GAME_REFEREES] VALUES(2,63,'Помощник',188);
INSERT INTO [dbo].[GAME_REFEREES] VALUES(3,63,'Секретарь',189);
INSERT INTO [dbo].[GAME_REFEREES] VALUES(4,64,'Главный судья',190);
INSERT INTO [dbo].[GAME_REFEREES] VALUES(5,64,'Помощник',191);
INSERT INTO [dbo].[GAME_REFEREES] VALUES(1,64,'Секретарь',192);
go
INSERT INTO [dbo].[PHYSICAL_DATA] VALUES(1,'2018-05-05',202,100,1);
INSERT INTO [dbo].[PHYSICAL_DATA] VALUES(2,'2018-05-05',202,99,2);
INSERT INTO [dbo].[PHYSICAL_DATA] VALUES(3,'2018-05-05',203,98,3);
INSERT INTO [dbo].[PHYSICAL_DATA] VALUES(4,'2018-05-05',205,97,4);
INSERT INTO [dbo].[PHYSICAL_DATA] VALUES(5,'2018-05-05',201,96,5);
INSERT INTO [dbo].[PHYSICAL_DATA] VALUES(6,'2018-05-05',200,95,6);
INSERT INTO [dbo].[PHYSICAL_DATA] VALUES(7,'2018-05-05',199,94,7);
INSERT INTO [dbo].[PHYSICAL_DATA] VALUES(8,'2018-05-05',198,93,8);
INSERT INTO [dbo].[PHYSICAL_DATA] VALUES(9,'2018-05-05',197,92,9);
INSERT INTO [dbo].[PHYSICAL_DATA] VALUES(10,'2018-05-05',196,91,10);
INSERT INTO [dbo].[PHYSICAL_DATA] VALUES(11,'2017-03-02',195,90,11);
INSERT INTO [dbo].[PHYSICAL_DATA] VALUES(12,'2017-03-02',194,89,12);
INSERT INTO [dbo].[PHYSICAL_DATA] VALUES(13,'2017-03-02',193,88,13);
INSERT INTO [dbo].[PHYSICAL_DATA] VALUES(14,'2017-03-02',192,87,14);
INSERT INTO [dbo].[PHYSICAL_DATA] VALUES(15,'2017-03-02',191,86,15);
INSERT INTO [dbo].[PHYSICAL_DATA] VALUES(16,'2017-03-02',190,85,16);
INSERT INTO [dbo].[PHYSICAL_DATA] VALUES(17,'2017-03-02',189,84,17);
INSERT INTO [dbo].[PHYSICAL_DATA] VALUES(18,'2017-03-02',188,83,18);
INSERT INTO [dbo].[PHYSICAL_DATA] VALUES(19,'2017-03-02',187,82,19);
INSERT INTO [dbo].[PHYSICAL_DATA] VALUES(20,'2017-03-02',186,81,20);
INSERT INTO [dbo].[PHYSICAL_DATA] VALUES(21,'2018-10-19',185,80,21);
INSERT INTO [dbo].[PHYSICAL_DATA] VALUES(22,'2018-10-19',184,79,22);
INSERT INTO [dbo].[PHYSICAL_DATA] VALUES(23,'2018-10-19',183,78,23);
INSERT INTO [dbo].[PHYSICAL_DATA] VALUES(24,'2018-10-19',182,77,24);
INSERT INTO [dbo].[PHYSICAL_DATA] VALUES(25,'2018-10-19',181,76,25);
INSERT INTO [dbo].[PHYSICAL_DATA] VALUES(26,'2018-10-19',180,75,26);
INSERT INTO [dbo].[PHYSICAL_DATA] VALUES(27,'2018-10-19',179,74,27);
INSERT INTO [dbo].[PHYSICAL_DATA] VALUES(28,'2018-10-19',178,73,28);
INSERT INTO [dbo].[PHYSICAL_DATA] VALUES(29,'2018-10-19',180,72,29);
INSERT INTO [dbo].[PHYSICAL_DATA] VALUES(30,'2018-10-19',180,71,30);
INSERT INTO [dbo].[PHYSICAL_DATA] VALUES(31,'2019-01-01',175,70,31);
INSERT INTO [dbo].[PHYSICAL_DATA] VALUES(32,'2019-01-01',174,69,32);
INSERT INTO [dbo].[PHYSICAL_DATA] VALUES(33,'2019-01-01',173,68,33);
INSERT INTO [dbo].[PHYSICAL_DATA] VALUES(34,'2019-01-01',172,67,34);
INSERT INTO [dbo].[PHYSICAL_DATA] VALUES(35,'2019-01-01',171,66,35);
INSERT INTO [dbo].[PHYSICAL_DATA] VALUES(36,'2019-01-01',170,65,36);
INSERT INTO [dbo].[PHYSICAL_DATA] VALUES(37,'2019-01-01',169,64,37);
INSERT INTO [dbo].[PHYSICAL_DATA] VALUES(38,'2019-01-01',175,63,38);
INSERT INTO [dbo].[PHYSICAL_DATA] VALUES(39,'2019-01-01',167,62,39);
INSERT INTO [dbo].[PHYSICAL_DATA] VALUES(40,'2019-01-01',166,61,40);
INSERT INTO [dbo].[PHYSICAL_DATA] VALUES(41,'2018-07-17',195,90,41);
INSERT INTO [dbo].[PHYSICAL_DATA] VALUES(42,'2018-07-17',194,89,42);
INSERT INTO [dbo].[PHYSICAL_DATA] VALUES(43,'2018-07-17',193,88,43);
INSERT INTO [dbo].[PHYSICAL_DATA] VALUES(44,'2018-07-17',192,87,44);
INSERT INTO [dbo].[PHYSICAL_DATA] VALUES(45,'2018-07-17',191,86,45);
INSERT INTO [dbo].[PHYSICAL_DATA] VALUES(46,'2018-07-17',190,85,46);
INSERT INTO [dbo].[PHYSICAL_DATA] VALUES(47,'2018-07-17',189,84,47);
INSERT INTO [dbo].[PHYSICAL_DATA] VALUES(48,'2018-07-17',188,83,48);
INSERT INTO [dbo].[PHYSICAL_DATA] VALUES(49,'2018-07-17',187,82,49);
INSERT INTO [dbo].[PHYSICAL_DATA] VALUES(50,'2018-07-17',186,81,50);
INSERT INTO [dbo].[PHYSICAL_DATA] VALUES(51,'2019-03-29',185,80,51);
INSERT INTO [dbo].[PHYSICAL_DATA] VALUES(52,'2019-03-29',184,79,52);
INSERT INTO [dbo].[PHYSICAL_DATA] VALUES(53,'2019-03-29',183,78,53);
INSERT INTO [dbo].[PHYSICAL_DATA] VALUES(54,'2019-03-29',182,77,54);
INSERT INTO [dbo].[PHYSICAL_DATA] VALUES(55,'2019-03-29',181,76,55);
INSERT INTO [dbo].[PHYSICAL_DATA] VALUES(56,'2019-03-29',180,75,56);
INSERT INTO [dbo].[PHYSICAL_DATA] VALUES(57,'2019-03-29',179,74,57);
INSERT INTO [dbo].[PHYSICAL_DATA] VALUES(58,'2019-03-29',200,73,58);
INSERT INTO [dbo].[PHYSICAL_DATA] VALUES(59,'2019-03-29',177,72,59);
INSERT INTO [dbo].[PHYSICAL_DATA] VALUES(60,'2019-03-29',176,71,60);
INSERT INTO [dbo].[PHYSICAL_DATA] VALUES(61,'2017-09-14',175,70,61);
INSERT INTO [dbo].[PHYSICAL_DATA] VALUES(62,'2017-09-14',174,69,62);
INSERT INTO [dbo].[PHYSICAL_DATA] VALUES(63,'2017-09-14',173,68,63);
INSERT INTO [dbo].[PHYSICAL_DATA] VALUES(64,'2017-09-14',172,67,64);
INSERT INTO [dbo].[PHYSICAL_DATA] VALUES(65,'2017-09-14',171,66,65);
INSERT INTO [dbo].[PHYSICAL_DATA] VALUES(66,'2017-09-14',170,65,66);
INSERT INTO [dbo].[PHYSICAL_DATA] VALUES(67,'2017-09-14',169,64,67);
INSERT INTO [dbo].[PHYSICAL_DATA] VALUES(68,'2017-09-14',168,63,68);
INSERT INTO [dbo].[PHYSICAL_DATA] VALUES(69,'2017-09-14',167,62,69);
INSERT INTO [dbo].[PHYSICAL_DATA] VALUES(70,'2017-09-14',166,61,70);
INSERT INTO [dbo].[PHYSICAL_DATA] VALUES(71,'2016-11-02',165,60,71);
INSERT INTO [dbo].[PHYSICAL_DATA] VALUES(72,'2016-11-02',164,59,72);
INSERT INTO [dbo].[PHYSICAL_DATA] VALUES(73,'2016-11-02',163,58,73);
INSERT INTO [dbo].[PHYSICAL_DATA] VALUES(74,'2016-11-02',162,57,74);
INSERT INTO [dbo].[PHYSICAL_DATA] VALUES(75,'2016-11-02',161,56,75);
INSERT INTO [dbo].[PHYSICAL_DATA] VALUES(76,'2016-11-02',160,55,76);
INSERT INTO [dbo].[PHYSICAL_DATA] VALUES(77,'2016-11-02',159,54,77);
INSERT INTO [dbo].[PHYSICAL_DATA] VALUES(78,'2016-11-02',158,53,78);
INSERT INTO [dbo].[PHYSICAL_DATA] VALUES(79,'2016-11-02',157,52,79);
INSERT INTO [dbo].[PHYSICAL_DATA] VALUES(80,'2016-11-02',90,51,80);
go

IF OBJECT_ID('Customers', 'U') IS NOT NULL
	DROP TABLE Customers
IF OBJECT_ID('OrderDetails', 'U') IS NOT NULL
	DROP TABLE OrderDetails
IF OBJECT_ID('Orders', 'U') IS NOT NULL
	DROP TABLE Orders
IF OBJECT_ID('Products', 'U') IS NOT NULL
	DROP TABLE Products
SELECT * INTO Customers FROM Northwind..Customers

DECLARE @count INT
SELECT @count = 10000
WHILE @count >= 0
  BEGIN
    INSERT INTO Customers SELECT * FROM Northwind..Customers
    SELECT @count = @count - 1
  END

SELECT * INTO Orders FROM Northwind..Orders
SELECT * INTO OrderDetails FROM Northwind.."Order Details"

SELECT * INTO Products FROM Northwind..Products
SELECT @count = 10000
WHILE @count >= 0
  BEGIN
    INSERT INTO Products (ProductName,SupplierID,CategoryID,QuantityPerUnit,
                                          UnitPrice,UnitsInStock,UnitsOnOrder,
                                                       ReorderLevel,Discontinued)
    SELECT ProductName,SupplierID,CategoryID,
             QuantityPerUnit,UnitPrice,UnitsInStock,
                UnitsOnOrder,ReorderLevel,Discontinued 
    FROM Northwind..Products
    SELECT @count = @count - 1
  END